-- MySQL dump 10.13  Distrib 8.0.38, for Win64 (x86_64)
--
-- Host: 54.180.146.64    Database: ndolphin
-- ------------------------------------------------------
-- Server version	8.0.33

/*!40101 SET @OLD_CHARACTER_SET_CLIENT=@@CHARACTER_SET_CLIENT */;
/*!40101 SET @OLD_CHARACTER_SET_RESULTS=@@CHARACTER_SET_RESULTS */;
/*!40101 SET @OLD_COLLATION_CONNECTION=@@COLLATION_CONNECTION */;
/*!50503 SET NAMES utf8 */;
/*!40103 SET @OLD_TIME_ZONE=@@TIME_ZONE */;
/*!40103 SET TIME_ZONE='+00:00' */;
/*!40014 SET @OLD_UNIQUE_CHECKS=@@UNIQUE_CHECKS, UNIQUE_CHECKS=0 */;
/*!40014 SET @OLD_FOREIGN_KEY_CHECKS=@@FOREIGN_KEY_CHECKS, FOREIGN_KEY_CHECKS=0 */;
/*!40101 SET @OLD_SQL_MODE=@@SQL_MODE, SQL_MODE='NO_AUTO_VALUE_ON_ZERO' */;
/*!40111 SET @OLD_SQL_NOTES=@@SQL_NOTES, SQL_NOTES=0 */;

--
-- Table structure for table `board`
--

DROP TABLE IF EXISTS `board`;
/*!40101 SET @saved_cs_client     = @@character_set_client */;
/*!50503 SET character_set_client = utf8mb4 */;
CREATE TABLE `board` (
  `hit` int NOT NULL,
  `max_page` int NOT NULL,
  `board_id` bigint NOT NULL AUTO_INCREMENT,
  `created_at` datetime(6) DEFAULT NULL,
  `updated_at` datetime(6) DEFAULT NULL,
  `user_id` bigint DEFAULT NULL,
  `content` varchar(255) COLLATE utf8mb4_unicode_ci DEFAULT NULL,
  `subject` varchar(255) COLLATE utf8mb4_unicode_ci DEFAULT NULL,
  `summary` varchar(255) COLLATE utf8mb4_unicode_ci DEFAULT NULL,
  `board_type` enum('ANNOUNCEMENT_BOARD','BYE_BOARD','OK_BOARD','OPINION_BOARD','RELAY_BOARD','VOTE_BOARD') COLLATE utf8mb4_unicode_ci DEFAULT NULL,
  PRIMARY KEY (`board_id`),
  KEY `FKfyf1fchnby6hndhlfaidier1r` (`user_id`),
  CONSTRAINT `FKfyf1fchnby6hndhlfaidier1r` FOREIGN KEY (`user_id`) REFERENCES `user` (`user_id`)
) ENGINE=InnoDB AUTO_INCREMENT=97 DEFAULT CHARSET=utf8mb4 COLLATE=utf8mb4_unicode_ci;
/*!40101 SET character_set_client = @saved_cs_client */;

--
-- Dumping data for table `board`
--

LOCK TABLES `board` WRITE;
/*!40000 ALTER TABLE `board` DISABLE KEYS */;
INSERT INTO `board` VALUES (0,0,1,'2024-08-16 01:32:12.965295',NULL,1,'S들이랑 같이 다니다가 저도 동화되어버렸어요..',NULL,NULL,'BYE_BOARD'),(96,5,3,'2024-08-16 01:33:14.658790',NULL,4,'피자 붕어빵이 먹고 싶은 한 소녀가 있었습니다....','눈 떠보니 내가 피자 붕어빵 세계관의 여주인공?!','한 소녀가 피자 붕어빵을 먹고 싶어 도둑질을 하려고 했지만, 가게 사장님이 귀엽다며 붕어빵을 주어서 도둑질을 막았다.','RELAY_BOARD'),(7,0,5,'2024-08-16 01:34:54.067263',NULL,5,'요즘 만약에가 재밌어서 다시 검사하니 N이네요!',NULL,NULL,'BYE_BOARD'),(89,0,7,'2024-08-16 01:37:20.373662','2024-08-16 01:37:33.302834',3,'평생여름평생겨울','평생여름평생겨울',NULL,'VOTE_BOARD'),(2,0,8,'2024-08-16 01:39:26.976447',NULL,3,'오늘 개발을 하다가 AWS S3 버킷과 DB를 날려 버린다 죽고 싶어',NULL,NULL,'OK_BOARD'),(4,0,9,'2024-08-16 01:41:21.192221',NULL,1,'프로젝트 발표 전날 밤에 다같이 작업하다가 다음 날 아무도 못 오면 어쩌지?',NULL,NULL,'OK_BOARD'),(51,0,10,'2024-08-16 01:55:05.793034',NULL,1,'딱 5분만 갔다 올 수 있으면 언제로 갈 거야?','타임머신',NULL,'VOTE_BOARD'),(123,5,12,'2024-08-16 02:09:07.416818',NULL,4,'요거트 아이스크림의 정석에 초코쉘, 벌집 꿀, 복숭아, 초코 팝핑 추가','요거트 아이스크림 사주세요 그럼 탕후루도?','집에서 요거트 아이스크림을 만들려고 했지만 요거트 파우더가 없어서 그냥 요거트로 만들기로 결심했다. 자몽과 연유를 토핑으로 살려고 했지만 자몽에 애벌레가 들어있어 당황했다.하지만 애벌레는 자몽을 먹고 식품이었고, 조금 웃음을 준 상황이었다.','RELAY_BOARD'),(62,0,14,'2024-08-16 02:33:49.433591',NULL,4,'하나의 일이 꼭 일어나야 한다면 뭐를 고를래?','프로젝트 발표 전날 꼭 하나의 일이 일어나야 한다면?',NULL,'VOTE_BOARD'),(31,0,48,'2024-08-16 03:57:32.073876','2024-08-16 03:57:46.553503',5,'개발 막바지에 갑자기 문제가 생겼어, 뭐가 더 나아?','개발하다가',NULL,'VOTE_BOARD'),(17,5,49,'2024-08-16 04:02:50.256242',NULL,5,'늦은 밤 소설을 읽다가 잠들었는데\n눈 떠보니..','소설','읽은 소설 속에서 잠든 주인공이 깨어나 낯선 곳에서 있음을 깨달았다. 방은 방치되어 있었고 벽지가 뜯어져 있었으며 곰팡이가 핀 상태였다. 주위에는 퀘퀘한 습한 냄새가 퍼져 있었고, 누군가 방문을 열고 들어온 것을 느꼈다.생소하고 공포스러운 상황에서 주인공은 어떻게 행동할지 궁금증을 더한다.','RELAY_BOARD'),(14,5,50,'2024-08-16 04:05:55.054909',NULL,4,'귤만 먹고 자랐으면 피부가 노란색이겠지? 손톱도 노랗게 됐을 거 같은데 비타민은 안부족하겠다','귤 왕국에서 왕자가 태어나면','귤왕국 왕자는 사과왕국 공주에게 마음을 표현하기 위해 귤비둘기를 통해 편지를 날렸다. 편지에는 귤왕국 왕자의 진심이 가득했고, 사과왕국 공주에게 전하는 사랑과 이야기가 적혀있었다.','RELAY_BOARD'),(74,5,51,'2024-08-16 04:08:35.668422',NULL,7,'양들 사이에서 자란 늑대가 있어. 양들은 털이 곱슬이어서 예쁜데 항상 직모인 늑대는 속상했어. 그래서 늑대는 미용실을 가게 됐어','파마하고 싶은 늑대','양들 사이에서 자란 늑대가 미용실을 가면서 직모로 인해 비싼 가격을 내야 했지만, 돈이 부족해 고민하던 중 양이 매직을 하게 된다면 얼마가 될지 고민했다. 결국 양은 양털을 깎아 대출금을 갚고, 늑대는 더 이상 미용실에 가지 않았다.','RELAY_BOARD'),(15,5,52,'2024-08-16 04:08:57.893711',NULL,4,'우리가 쓰는 이모티콘 말고 사실 고모티콘도 있는거야 이모지 나라에는 이모부티콘, 고모부티콘도 있어','이모티콘과 고모티콘','이모티콘과 고모티콘이 사이가 좋지 않았는데, 이모티콘이 고모티콘에게 고백하려고 했지만 삼촌티콘이 갑자기 나타나서 삼각관계가 형성되었다. 고모티콘은 삼촌티콘에게 빠지게 되고, 이에 이모티콘은 고모티콘의 마음을 되찾기 위해 고심하게 된다.','RELAY_BOARD'),(12,5,53,'2024-08-16 04:09:27.569253',NULL,7,'때는 개발 마감 3일 전... 프론트엔드 리더가 투명 인간이 되어 버리는데?!','개발하다가 투명 인간이 된 프로젝트 팀원','프론트엔드 리더가 투명 인간이 되어버렸는데, 팀원들에게 자신의 존재를 알리기 어려운 상황이다. 프로젝트 마감일이 다가오는데 리더개발자인 내가 필수적으로 참여해야 하는 상황이다. 어떻게 나의 상황을 팀원들에게 알릴 수 있을까?','RELAY_BOARD'),(9,0,54,'2024-08-16 04:13:09.302658',NULL,8,'어느 쪽이 더 좋을 것 같아?','평생 공짜라면',NULL,'VOTE_BOARD'),(41,5,55,'2024-08-16 04:15:33.648047',NULL,2,'어두운 방 안에서 조용히 움직이는 그림자. 벽에 비친 그의 형체는 뚜렷하지만, 그의 존재는 여전히 불확실하다','만약에 그림자와 내가 대화를 한다면??','어두운 방에서 조용히 움직이는 그림자와 주인공이 만나게 된 이야기. 그림자가 갑자기 말을 걸어와 주인공을 놀라게 하지만, 서로 어울리며 이야기를 나누다 친구가 되는 내용. 그림자는 그냥 그림자일 뿐이라 생각했지만, 주인공과의 대화를 통해 솔직하게 마음을 털어놓고 고마움을 표현한다. 마침내 두 사람은 서로를 받아들이고 새로운 우정을 맺으며, 앞으로의 일상에서 함께 할 약속을 하게 된다.','RELAY_BOARD'),(21,10,57,'2024-08-16 04:25:30.369167',NULL,5,'그 일은 상당히 갑작스럽게 생겼다.\n평소에 보이지 않던 것들이 어느 순간부터 보이기 시작했다.\n딱히 나에게 해를 가하진 않지만, 그래도 신경이 쓰여 애써 무시하고 산지 3년째..','보이는 존재','갑작스럽게 나타난 존재가 나를 따뜻하게 안아주며 손길을 건네주는 이야기.','RELAY_BOARD'),(15,0,58,'2024-08-16 04:25:50.616612',NULL,9,'만약 프로젝트하느라 그날 밤을 새고 집에 가서 쉬려고 하는데 연인이 만나자고 조르면?','밤샌 다음날 만나자고 조르는 애인',NULL,'VOTE_BOARD'),(10,5,59,'2024-08-16 04:33:36.602052',NULL,8,'계속 비가 오면 어쩌나 걱정했는데 다행히도 내가 나갈 때가 되자 비가 그쳤다. 오늘은 아침부터 어쩐지 타이밍이 딱딱 맞는다.','운수 좋은 날','비가 오는 것을 걱정했지만 내가 나갈 때가 되자 비가 그쳤다. 아침부터 타이밍이 딱딱 맞는 것 같아서 기분이 좋았고, 알람소리도 기분 나쁘지 않았다.','RELAY_BOARD'),(26,5,60,'2024-08-16 04:34:05.929003','2024-08-16 11:03:12.754695',9,'어제 강의가 끝나고 집에 가는 길이었어. 검은 모자와 마스크를 쓴 한 남자가 나한테 쪽지를 주고 가는거야. 분명 꽁꽁 싸맸는데도 어쩐지 익숙한 느낌이었어. 쪽지에는 이렇게 쓰여져있었어. \"비트코인사\"','과거의 나에게서 온 5글자 메시지','\"비트코인사\"는 가장 인기 있는 암호화폐 중 하나인 비트코인에 대한 투자와 거래에 관한 내용을 다루는 것으로 요약할 수 있겠습니다.','RELAY_BOARD'),(0,0,61,'2024-08-16 04:35:50.741253',NULL,8,'요새 만약에 생각할 틈도 없이 바쁘게 지냈더니 S가 됐네용',NULL,NULL,'BYE_BOARD'),(125,5,67,'2024-08-16 04:43:46.693507',NULL,9,'어느날 꿈을 꿨는데 학원 선생님 꿈에 들어간거임 근데 다음날 물어보니까 진짜 학원 선생님도 같은 꿈을 꾼거임 진짜 꿈을 공유했던 거임','학원 선생님 꿈에 들어가버린 이야기','학원 선생님과 같은 꿈을 꾸어서 보충 수업을 받고 시험에서 1등을 한 주인공. 하지만 꿈속에서 학습비를 지불하고 나서 현실에서도 돈이 빠져나가는 상황에 슬픔을 느낌.','RELAY_BOARD'),(4,0,70,'2024-08-16 04:45:37.775817',NULL,8,'만약에 발표 당일 날에 작성한 내용들이 사라지면 어떡하지?',NULL,NULL,'OK_BOARD'),(33,0,72,'2024-08-16 04:53:02.961618',NULL,3,'과거로 돌아가 20대인 엄마를 마주해 5글자로 한 마디만 할 수 있다면 뭐라고 말해줄건가요?','과거로 돌아가 20대인 엄마를 마주해 5글자로..','고마웠어요.','OPINION_BOARD'),(19,0,73,'2024-08-16 04:54:05.064084',NULL,4,'만약 니가 꿈을 꿨는데.. 등교길에 A라는 친구를 만나서 오늘 시험 범위가 뭐냐는 질문을 받고 앞에 가던 아저씨가 들고 가던 커피를 놓쳐서 쏟고 하얀색 떠돌이 강아지를 마주치는 꿈을 꾼거야.. 근데 그 날 아침에 정말로 그게 다 현실에서 이루어진거지. 하지만 그 꿈의 결말은 학교에서 불이나서 많은 사람이 다치는 거였어. 이 상황에서 너라면 어떻게 할거야?','만약 니가 어제 꾼 결말을 아는 꿈이 현실이 된다면','꿈에서 봤던 상황이 현실로 일어났고, 화재가 발생하여 많은 사람이 다치는 상황이었다. 이런 상황에서는 주변 사람들을 안전한 장소로 이동시키고, 119에 긴급 신고를 하여 구조대원들이 빠르게 현장에 도착할 수 있도록 조치해야 한다.생명보호와 안전이 최우선이 되어야 한다.','OPINION_BOARD'),(0,0,74,'2024-08-16 05:14:49.498470',NULL,13,'안녕....?ㅎㅎㅎㅎㅎ호호홓',NULL,NULL,'BYE_BOARD'),(3,0,75,'2024-08-16 05:23:29.074317',NULL,4,'만약에 갑자기 갑각류 알러지가 생겨서 간장게장 먹다가 죽으면 어떡하지..? 너무 걱정된다',NULL,NULL,'OK_BOARD'),(0,0,76,'2024-08-16 05:24:50.184106',NULL,4,'옛날에는 만약에 상상을 많이했는데 점점 현실적인 생각만 하다보니까 만약에도 잘 안 하게 되네요 ㅎㅎ 그래도 사이트 재밌게 이용할게요!!',NULL,NULL,'BYE_BOARD'),(58,0,78,'2024-08-16 05:29:35.316089',NULL,4,'나 에어컨 끄고 나왔던가???????? 기억이 안 나......... 16도로 틀어놓고 있었는데 안 끄고 나왔으면 어떡하지? 다음 주 월요일에 집에 다시 가는데 만약 안 끄고 나와서 그때까지 켜져있게 된다면???? 전기세 폭탄 맞는 거 아니야?? 누진세 적용 돼서 엄청 많이 나오면 어떡하지? 이번 달 지출도 큰데...',NULL,'16도로 틀어놓고 나와서 에어컨을 끄지 않은 상황에서 걱정하지 않아도 괜찮다. 몇 일 동안 켜둔 것이 전기세에 큰 영향을 미치지 않을 것이며 이번 달 지출이 크다고 해도 걱정할 필요가 없다.더 큰 문제가 없을것이라는 내용을 담고 있어요.','OK_BOARD'),(4,0,79,'2024-08-16 05:30:28.070975',NULL,2,'중요한 발표가 있는데 떨려요',NULL,NULL,'OK_BOARD'),(0,0,80,'2024-08-16 05:31:25.097650',NULL,2,'즐거웠어요',NULL,NULL,'BYE_BOARD'),(0,0,83,'2024-08-16 05:36:40.386571',NULL,15,'안녕',NULL,NULL,'BYE_BOARD'),(5,0,88,'2024-08-16 06:13:30.851777',NULL,7,'그럼 너무좋겟따...','만약에 원하는곳에 무조건 취업 할 수 있다면',NULL,'OPINION_BOARD'),(1,0,89,'2024-08-16 09:06:30.910416',NULL,7,'취업 하고 싶어요',NULL,NULL,'OK_BOARD'),(2,0,91,'2024-08-16 09:12:44.430013',NULL,4,'우리 집 귀염둥이 반려동물이 하는 말을 한 가지만 이해할 수 있다면 어떤 말을 이해하고 싶어??','반려동물이 하는 말을 하나만 이해할 수 있다면?',NULL,'OPINION_BOARD'),(4,0,92,'2024-08-16 09:17:14.577172',NULL,4,'어떤 음식을 먹을래???? 물을 제외하고 다른 음식은 먹을 수 없어','만약에 일주일 내내 하나의 음식만 먹을 수 있다면?',NULL,'VOTE_BOARD'),(2,10,93,'2024-08-16 09:32:49.506662',NULL,4,'어느날 집에 왔는데 안방에서 엄마 목소리가 들렸어. \"딸 왔어? 잠깐 이리와봐~\" 안방으로 다가가고 있는 그 순간. 엄마한테 전화가 오는거야 \"딸 엄마 다와가. 10분이면 도착해\"','두명의 엄마','엄마가 전화로 \"딸, 10분 후에 도착할 거야. 안 방으로 와봐\" 라고 말했다.','RELAY_BOARD'),(3,30,94,'2024-08-16 09:39:10.747208',NULL,9,'난 하얀 고양이 병철이를 키우고 있었다. 자고 일어났는데 우리집 고양이 병철이는 안 보이고 웬 남자가 집에 있었다. 그 남자는 하얀색 머리카락을 가지고 있었다.','니가 병철이니?','난 하얀 고양이 병철이를 키우고 있었는데, 어느 날 자고 일어나니 집에는 병철이와 함께 하얀 머리카락을 가진 남자가 있었다.','RELAY_BOARD'),(5,0,95,'2024-08-16 09:46:14.975574','2024-08-16 09:46:54.410904',9,'그 뒤로 만수르랑 친분을 쌓는 건 너의 역량임 그냥 밥 한 끼로 끝날 수도 있고 계속 친구로 지낼 수도 잘하면 7번째 부인이 될 수도 있음','5백만 원에 만수르랑 밥 한 끼 할 수 있다면?',NULL,'OPINION_BOARD'),(1,0,96,'2024-08-16 09:53:21.503665',NULL,9,'찾아보니까 은행 권장 섭취량이 성인일 경우 하루에 10개라던데 방금 은행꼬치 먹으면서 은행 13개 먹음... 부작용 때문에 아프면 어떡함? 토해내야 하나? 지금 병원가야함?',NULL,NULL,'OK_BOARD');
/*!40000 ALTER TABLE `board` ENABLE KEYS */;
UNLOCK TABLES;

--
-- Table structure for table `board_view`
--

DROP TABLE IF EXISTS `board_view`;
/*!40101 SET @saved_cs_client     = @@character_set_client */;
/*!50503 SET character_set_client = utf8mb4 */;
CREATE TABLE `board_view` (
  `board_id` bigint DEFAULT NULL,
  `board_view_id` bigint NOT NULL AUTO_INCREMENT,
  `created_at` datetime(6) DEFAULT NULL,
  `updated_at` datetime(6) DEFAULT NULL,
  `user_id` bigint DEFAULT NULL,
  PRIMARY KEY (`board_view_id`),
  UNIQUE KEY `UK50oibx5esnlobqdepg81bmgmh` (`user_id`,`board_id`),
  KEY `FK7talohqn5a3vsq3woq6gdmyrs` (`board_id`)
) ENGINE=InnoDB AUTO_INCREMENT=558 DEFAULT CHARSET=utf8mb4 COLLATE=utf8mb4_unicode_ci;
/*!40101 SET character_set_client = @saved_cs_client */;

--
-- Dumping data for table `board_view`
--

LOCK TABLES `board_view` WRITE;
/*!40000 ALTER TABLE `board_view` DISABLE KEYS */;
INSERT INTO `board_view` VALUES (3,4,'2024-08-16 01:33:15.724832','2024-08-16 01:33:15.724832',4),(7,14,'2024-08-16 01:37:20.416058','2024-08-16 01:37:20.416058',3),(8,20,'2024-08-16 01:39:26.980161','2024-08-16 01:39:26.980161',3),(7,21,'2024-08-16 01:39:27.044750','2024-08-16 01:39:27.044750',1),(8,24,'2024-08-16 01:40:36.033305','2024-08-16 01:40:36.033305',1),(9,25,'2024-08-16 01:41:21.196062','2024-08-16 01:41:21.196062',1),(3,32,'2024-08-16 01:42:35.163789','2024-08-16 01:42:35.163789',3),(10,39,'2024-08-16 01:55:06.172735','2024-08-16 01:55:06.172735',1),(3,46,'2024-08-16 01:55:43.518861','2024-08-16 01:55:43.518861',1),(3,48,'2024-08-16 01:55:48.917323','2024-08-16 01:55:48.917323',6),(10,57,'2024-08-16 01:56:55.266402','2024-08-16 01:56:55.266402',6),(7,59,'2024-08-16 01:57:39.005693','2024-08-16 01:57:39.005693',6),(12,102,'2024-08-16 02:09:08.805139','2024-08-16 02:09:08.805139',4),(12,112,'2024-08-16 02:10:01.827677','2024-08-16 02:10:01.827677',6),(12,123,'2024-08-16 02:10:33.943239','2024-08-16 02:10:33.943239',7),(3,124,'2024-08-16 02:10:38.043842','2024-08-16 02:10:38.043842',7),(7,132,'2024-08-16 02:11:33.662457','2024-08-16 02:11:33.662457',4),(10,138,'2024-08-16 02:11:57.689649','2024-08-16 02:11:57.689649',4),(13,148,'2024-08-16 02:13:15.644199','2024-08-16 02:13:15.644199',4),(12,160,'2024-08-16 02:19:50.674098','2024-08-16 02:19:50.674098',3),(10,178,'2024-08-16 02:21:58.069680','2024-08-16 02:21:58.069680',3),(13,191,'2024-08-16 02:23:27.529421','2024-08-16 02:23:27.529421',3),(14,200,'2024-08-16 02:33:49.606156','2024-08-16 02:33:49.606156',4),(15,216,'2024-08-16 02:34:39.798330','2024-08-16 02:34:39.798330',4),(16,222,'2024-08-16 02:35:09.389647','2024-08-16 02:35:09.389647',4),(19,226,'2024-08-16 02:37:38.998155','2024-08-16 02:37:38.998155',2),(19,228,'2024-08-16 02:40:50.839563','2024-08-16 02:40:50.839563',4),(21,229,'2024-08-16 02:41:03.773214','2024-08-16 02:41:03.773214',4),(19,233,'2024-08-16 02:43:11.015488','2024-08-16 02:43:11.015488',8),(12,234,'2024-08-16 02:43:15.120264','2024-08-16 02:43:15.120264',8),(3,235,'2024-08-16 02:43:18.750878','2024-08-16 02:43:18.750878',8),(21,236,'2024-08-16 02:43:25.082332','2024-08-16 02:43:25.082332',8),(16,237,'2024-08-16 02:43:26.925873','2024-08-16 02:43:26.925873',8),(14,238,'2024-08-16 02:43:32.638817','2024-08-16 02:43:32.638817',8),(15,239,'2024-08-16 02:43:44.048669','2024-08-16 02:43:44.048669',8),(10,240,'2024-08-16 02:43:55.899831','2024-08-16 02:43:55.899831',8),(7,242,'2024-08-16 02:43:59.361387','2024-08-16 02:43:59.361387',8),(13,253,'2024-08-16 02:44:38.192775','2024-08-16 02:44:38.192775',8),(5,259,'2024-08-16 02:47:54.732444','2024-08-16 02:47:54.732444',8),(22,265,'2024-08-16 02:52:44.775800','2024-08-16 02:52:44.775800',4),(14,288,'2024-08-16 02:57:56.595737','2024-08-16 02:57:56.595737',2),(23,289,'2024-08-16 02:58:10.723060','2024-08-16 02:58:10.723060',2),(23,294,'2024-08-16 02:59:27.740732','2024-08-16 02:59:27.740732',4),(25,314,'2024-08-16 03:03:30.200543','2024-08-16 03:03:30.200543',2),(26,316,'2024-08-16 03:03:44.328887','2024-08-16 03:03:44.328887',4),(27,329,'2024-08-16 03:05:33.121289','2024-08-16 03:05:33.121289',2),(28,338,'2024-08-16 03:06:28.209859','2024-08-16 03:06:28.209859',2),(29,355,'2024-08-16 03:07:09.033627','2024-08-16 03:07:09.033627',2),(30,358,'2024-08-16 03:07:37.487399','2024-08-16 03:07:37.487399',4),(29,361,'2024-08-16 03:07:44.737618','2024-08-16 03:07:44.737618',4),(28,365,'2024-08-16 03:07:59.305999','2024-08-16 03:07:59.305999',4),(31,368,'2024-08-16 03:08:07.518770','2024-08-16 03:08:07.518770',2),(30,370,'2024-08-16 03:08:40.076164','2024-08-16 03:08:40.076164',2),(31,375,'2024-08-16 03:08:48.606025','2024-08-16 03:08:48.606025',4),(25,382,'2024-08-16 03:09:17.770422','2024-08-16 03:09:17.770422',4),(21,391,'2024-08-16 03:10:09.571784','2024-08-16 03:10:09.571784',2),(14,395,'2024-08-16 03:11:26.273329','2024-08-16 03:11:26.273329',13),(33,404,'2024-08-16 03:11:56.767529','2024-08-16 03:11:56.767529',13),(13,405,'2024-08-16 03:11:58.196607','2024-08-16 03:11:58.196607',13),(19,413,'2024-08-16 03:13:06.094728','2024-08-16 03:13:06.094728',13),(12,414,'2024-08-16 03:13:10.300456','2024-08-16 03:13:10.300456',13),(12,416,'2024-08-16 03:13:22.940953','2024-08-16 03:13:22.940953',2),(35,433,'2024-08-16 03:18:44.887178','2024-08-16 03:18:44.887178',4),(36,438,'2024-08-16 03:20:39.859841','2024-08-16 03:20:39.859841',4),(27,469,'2024-08-16 03:23:02.825245','2024-08-16 03:23:02.825245',4),(37,474,'2024-08-16 03:23:38.557692','2024-08-16 03:23:38.557692',4),(33,481,'2024-08-16 03:23:55.415165','2024-08-16 03:23:55.415165',5),(13,482,'2024-08-16 03:23:59.387892','2024-08-16 03:23:59.387892',5),(15,484,'2024-08-16 03:24:02.706276','2024-08-16 03:24:02.706276',5),(36,489,'2024-08-16 03:24:11.571635','2024-08-16 03:24:11.571635',5),(3,490,'2024-08-16 03:24:22.073827','2024-08-16 03:24:22.073827',5),(26,491,'2024-08-16 03:24:28.179448','2024-08-16 03:24:28.179448',5),(14,493,'2024-08-16 03:24:32.572429','2024-08-16 03:24:32.572429',5),(19,494,'2024-08-16 03:24:36.882151','2024-08-16 03:24:36.882151',5),(38,496,'2024-08-16 03:25:11.884816','2024-08-16 03:25:11.884816',4),(35,506,'2024-08-16 03:25:48.571583','2024-08-16 03:25:48.571583',8),(23,507,'2024-08-16 03:25:52.726623','2024-08-16 03:25:52.726623',8),(36,511,'2024-08-16 03:26:01.594931','2024-08-16 03:26:01.594931',8),(26,518,'2024-08-16 03:26:18.015930','2024-08-16 03:26:18.015930',8),(40,527,'2024-08-16 03:27:16.224675','2024-08-16 03:27:16.224675',2),(40,530,'2024-08-16 03:27:26.414608','2024-08-16 03:27:26.414608',4),(41,541,'2024-08-16 03:30:04.949344','2024-08-16 03:30:04.949344',4),(42,555,'2024-08-16 03:32:53.822882','2024-08-16 03:32:53.822882',4);
/*!40000 ALTER TABLE `board_view` ENABLE KEYS */;
UNLOCK TABLES;

--
-- Table structure for table `comment`
--

DROP TABLE IF EXISTS `comment`;
/*!40101 SET @saved_cs_client     = @@character_set_client */;
/*!50503 SET character_set_client = utf8mb4 */;
CREATE TABLE `comment` (
  `board_id` bigint DEFAULT NULL,
  `comment_id` bigint NOT NULL AUTO_INCREMENT,
  `created_at` datetime(6) DEFAULT NULL,
  `updated_at` datetime(6) DEFAULT NULL,
  `user_id` bigint DEFAULT NULL,
  `content` varchar(255) COLLATE utf8mb4_unicode_ci DEFAULT NULL,
  PRIMARY KEY (`comment_id`),
  KEY `FKlij9oor1nav89jeat35s6kbp1` (`board_id`),
  KEY `FK8kcum44fvpupyw6f5baccx25c` (`user_id`),
  CONSTRAINT `FK8kcum44fvpupyw6f5baccx25c` FOREIGN KEY (`user_id`) REFERENCES `user` (`user_id`),
  CONSTRAINT `FKlij9oor1nav89jeat35s6kbp1` FOREIGN KEY (`board_id`) REFERENCES `board` (`board_id`)
) ENGINE=InnoDB AUTO_INCREMENT=79 DEFAULT CHARSET=utf8mb4 COLLATE=utf8mb4_unicode_ci;
/*!40101 SET character_set_client = @saved_cs_client */;

--
-- Dumping data for table `comment`
--

LOCK TABLES `comment` WRITE;
/*!40000 ALTER TABLE `comment` DISABLE KEYS */;
INSERT INTO `comment` VALUES (3,1,'2024-08-16 01:39:01.405482','2024-08-16 01:39:01.405482',4,'그 소녀는 피자 붕어빵이 너무 먹고 싶은 나머지 나쁜 생각을 하게되는데..'),(12,3,'2024-08-16 02:57:06.925018','2024-08-16 02:57:06.925018',4,'근데 요거트 아이스크림의 정석을 집에서 만들어 먹는다면? 3배의 양을 먹을 수 있음'),(3,12,'2024-08-16 03:09:57.214171','2024-08-16 03:09:57.214171',4,'하아..'),(12,30,'2024-08-16 04:01:54.088451','2024-08-16 04:01:54.088451',4,'그렇게 요거트 아이스크림을 만들 재료를 사러 마트로 떠나게 되었어 근데 거기는 요거트 파우더가 없지 뭐야'),(12,31,'2024-08-16 04:02:38.483369','2024-08-16 04:02:38.483369',4,'요거트 파우더가 없어서 그냥 요거트로 아이스크림을 만들기로 결심했어 자몽이랑 연유를 토핑으로 올리기 위해 그것도 구매했어'),(12,32,'2024-08-16 04:03:30.723028','2024-08-16 04:03:30.723028',4,'근데 자몽에서 벌레가 나왔어..... 거대한 애벌레가 자몽을 먹고 있었어.... 당 충전에 단백질 보충까지 정말 완전 식품이었어 행복하게 잠들 수 있었어'),(52,33,'2024-08-16 04:11:14.567129','2024-08-16 04:11:14.567129',4,'이모지나라의 이모티콘과 고모티콘은 사이가 매우 안 좋았어. 이모티콘은 사실 고모티콘을 좋아했는데 표현 방식이 서툴렀던 거야..'),(51,34,'2024-08-16 04:12:02.069253','2024-08-16 04:12:02.069253',3,'근데 미용실에 간 늑대는 깜짝 놀라고 말았어. 털이 너무 많아서 펌이 3000만원이라는거야. 늑대는 250만원밖에 없어서 고민이 됐어...'),(51,36,'2024-08-16 04:13:27.704275','2024-08-16 04:13:27.704275',3,'근데 그러면 양은 어떡해? 양은 털이 다 곱슬인데 만약에 양이 매직을 하게 된다면 가격이 얼마나 나올까...?'),(53,37,'2024-08-16 04:14:02.702795','2024-08-16 04:14:02.702795',4,'투명 인간이 된 프론트엔드 리더는 팀원들에게 자신의 존재를 알리기 위해 노력하지만 물건을 통과해버려서 어떻게 할 수가 없다'),(49,40,'2024-08-16 04:15:46.565277','2024-08-16 04:15:46.565277',4,'여긴 어디지? 낯선 천장이다... 분명 난 내 방에서 소설을 읽다가 잠들었는데? 어디선가 퀘퀘하고 습한 냄새가 내 코를 찔렀다.'),(52,41,'2024-08-16 04:18:04.251433','2024-08-16 04:18:04.251433',2,'그래서 이모티콘이 마음을 고쳐먹고 고모티콘에게 고백을 하려고 햇는데... 이게 왠걸? 갑자기 삼촌티콘이 나타나 삼각관계가 형성되어버렸어!!'),(55,42,'2024-08-16 04:19:25.288037','2024-08-16 04:19:25.288037',4,'\"안녕?\" 갑자기 내게 말을 걸어오는 그림자의 모습에 나는 그만 화들짝 놀라고 말았다. \"너무 놀라진 마. 언제 한 번 말을 걸어보고 싶었어.\"'),(3,43,'2024-08-16 04:19:35.403892','2024-08-16 04:19:35.403892',2,'도둑질을 해서라도 붕어빵을 먹고야 말겠어!!'),(50,44,'2024-08-16 04:21:19.621045','2024-08-16 04:21:19.621045',2,'그런데 혹시 그거 알아?? 귤왕국 왕자는 사과왕국 공주를 좋아한대!!'),(49,45,'2024-08-16 04:21:44.883480','2024-08-16 04:21:44.883480',5,'주위를 둘러보니 벽지가 뜯어져 곰팡이가 핀 벽이 그대로 노출되어있었다. 아무래도 오랫동안 방치된 곳 같다는 생각이 들 무렵 누군가 방문을 열고 들어왔다'),(51,46,'2024-08-16 04:23:33.189604','2024-08-16 04:23:33.189604',3,'결국 양은 파산하게 되었고 사람들에게 자신의 양털을 깎아 대출금을 갚기 시작했어'),(51,47,'2024-08-16 04:24:32.580644','2024-08-16 04:24:32.580644',3,'대출금을 다 갚은 양은 두번 다시 미용실에는 발을 들이지 않았어 '),(55,48,'2024-08-16 04:24:33.989619','2024-08-16 04:24:33.989619',15,'갑자기 말을 걸어온 그림자의 목소리에 놀라움과 무서움이 공존했던 나였지만, 함께 이야기를 나누다 보니 어느덧 친한 친구가 되어있었다.'),(53,49,'2024-08-16 04:26:08.585942','2024-08-16 04:26:08.585942',15,'점점 다가오는 프로젝트 마감일!! 리더개발자인 내가 꼭 있어야 프로젝트를 마감할 수 있는데 어떻게 나의 상황을 팀원들에게 알릴수있지??!'),(57,50,'2024-08-16 04:27:40.014457','2024-08-16 04:27:40.014457',15,'그런데 갑자기 그녀석들이 나에게 말을 걸기 시작했다..\n\"너.. 나 보이지? 왜 모르는척해\" 온몸에 소름이 돋은 나는 애써 모르는척을 하려고 노력하는데...'),(52,52,'2024-08-16 04:29:37.248317','2024-08-16 04:29:37.248317',15,'사랑은 용기있는 자의 것이라고 했던가... 삼촌티콘의 고백에 설렌 고모티콘이 삼촌티콘에게 점점 빠져가고, 이 모습을 본 이모티콘이 고모티콘의 마음을 돌릴 방법을 고심하게되는데'),(50,53,'2024-08-16 04:30:55.535644','2024-08-16 04:30:55.535644',15,'귤왕국 왕자는 사과왕국 공주에게 자신의 마음을 표현하기 위한 편지를 쓰기 시작하는데'),(57,54,'2024-08-16 04:32:39.575331','2024-08-16 04:32:39.575331',9,'\"이래도 안 보여?\" 갑자기 그 존재는 나를 쓰다듬기 시작했다. 의외로 그것의 손길은 따스했다. 오랜만에 느껴보는 따스함이었다. 가만히 그 손길을 느끼고 있으니 눈물이 핑 돌았다.'),(59,56,'2024-08-16 04:36:10.980536','2024-08-16 04:36:10.980536',9,'집을 나서기 전에도 그랬다. 많이 잔 것도 아닌데 오늘따라 어쩐지 상쾌하게 일어났고 시끄러운 알람소리도 기분 나쁘지 않았다.'),(55,57,'2024-08-16 04:37:49.934887','2024-08-16 04:37:49.934887',17,'그림자가 진지한 목소리로 말한다. \"내가 그저 그림자일 뿐이라 생각했는데, 이렇게 솔직하게 마음을 열어줘서 고마워.\"'),(55,58,'2024-08-16 04:39:08.627320','2024-08-16 04:39:08.627320',17,'둘은 따뜻한 마음으로 서로를 바라보며, 둘 사이의 새로운 우정을 축하했다. 그들은 서로의 존재를 받아들이며, 앞으로의 일상속에서 친구로써 함께하기로 약속했다'),(3,60,'2024-08-16 04:41:02.564547','2024-08-16 04:41:02.564547',8,'붕어빵을 훔치러 찾아간 가게의 사장님이 나를 보시고는 귀엽다면서 붕어빵을 챙겨주셨어요!!'),(67,61,'2024-08-16 04:45:29.833135','2024-08-16 04:45:29.833135',9,'근데 그날 이후로 꿈을 꿀 때마다 계속 학원 선생님이랑 같은 꿈을 꾸는 거임....... 학원쌤은 이때다 싶어서 꿈에서까지 보충 수업을 시켰음'),(50,62,'2024-08-16 04:45:44.493490','2024-08-16 04:45:44.493490',17,'귤왕국 왕자는 자신의 절실한 마음을 담아 쓴 편지를 귤비둘기의 다리에 묶어 사과왕국 공주에게 날려보냇어'),(67,63,'2024-08-16 04:47:13.894395','2024-08-16 04:47:13.894395',17,'그런데 이게 웬걸 꿈속의 보충학습 덕분에 이번 시험에서 1등을 해버린거임!!'),(67,64,'2024-08-16 04:49:53.896142','2024-08-16 04:49:53.896142',17,'기쁜마음으로 꿈속의 선생님께 보충학습을 받으러 갔는데'),(57,65,'2024-08-16 04:50:08.961625','2024-08-16 04:50:08.961625',8,'그러자 그 존재는 나를 따뜻하게 안아주었다.'),(67,66,'2024-08-16 04:53:06.474861','2024-08-16 04:53:06.474861',17,'꿈속의 선생님이 학습비를 달래서 에이 어짜피 꿈인데 하며 거금을 들여 학습비를 지불했는데 꿈에서 깨고보니 내 통장에서 실제로 돈이 빠져서 너무 슬펐어...'),(72,67,'2024-08-16 04:54:15.296612','2024-08-16 04:54:15.296612',4,'비트코인사'),(72,68,'2024-08-16 05:13:39.817241','2024-08-16 05:13:57.905158',13,'고마웠어요'),(72,70,'2024-08-16 05:21:39.573613','2024-08-16 05:21:39.573613',2,'감사합니다'),(78,76,'2024-08-16 05:57:18.204796','2024-08-16 05:57:18.204796',5,'며칠 켜놓은건 생각보다 얼마 안 나와서 괜찮아요'),(73,77,'2024-08-16 06:14:01.744808','2024-08-16 06:14:01.744808',7,'119에 전화할거야'),(78,78,'2024-08-16 09:06:39.994277','2024-08-16 09:06:39.994277',7,'괜찮을거에요');
/*!40000 ALTER TABLE `comment` ENABLE KEYS */;
UNLOCK TABLES;

--
-- Table structure for table `favorite`
--

DROP TABLE IF EXISTS `favorite`;
/*!40101 SET @saved_cs_client     = @@character_set_client */;
/*!50503 SET character_set_client = utf8mb4 */;
CREATE TABLE `favorite` (
  `board_id` bigint DEFAULT NULL,
  `created_at` datetime(6) DEFAULT NULL,
  `favorite_id` bigint NOT NULL AUTO_INCREMENT,
  `updated_at` datetime(6) DEFAULT NULL,
  `user_id` bigint DEFAULT NULL,
  PRIMARY KEY (`favorite_id`),
  UNIQUE KEY `UKf2ln38x3a4tu6a73s25huy10q` (`user_id`,`board_id`),
  KEY `FK3si7lox7au1xuled4ixv91k8` (`board_id`),
  CONSTRAINT `FK3si7lox7au1xuled4ixv91k8` FOREIGN KEY (`board_id`) REFERENCES `board` (`board_id`),
  CONSTRAINT `FKh3f2dg11ibnht4fvnmx60jcif` FOREIGN KEY (`user_id`) REFERENCES `user` (`user_id`)
) ENGINE=InnoDB AUTO_INCREMENT=15 DEFAULT CHARSET=utf8mb4 COLLATE=utf8mb4_unicode_ci;
/*!40101 SET character_set_client = @saved_cs_client */;

--
-- Dumping data for table `favorite`
--

LOCK TABLES `favorite` WRITE;
/*!40000 ALTER TABLE `favorite` DISABLE KEYS */;
INSERT INTO `favorite` VALUES (3,'2024-08-16 01:58:00.122906',1,'2024-08-16 01:58:00.122906',1),(50,'2024-08-16 04:07:30.496779',7,'2024-08-16 04:07:30.496779',4),(57,'2024-08-16 05:13:30.530177',9,'2024-08-16 05:13:30.530177',13),(59,'2024-08-16 05:13:31.540007',10,'2024-08-16 05:13:31.540007',13),(49,'2024-08-16 05:30:49.105060',12,'2024-08-16 05:30:49.105060',5),(57,'2024-08-16 05:30:58.054739',13,'2024-08-16 05:30:58.054739',5),(60,'2024-08-16 05:56:28.924493',14,'2024-08-16 05:56:28.924493',19);
/*!40000 ALTER TABLE `favorite` ENABLE KEYS */;
UNLOCK TABLES;

--
-- Table structure for table `file_info`
--

DROP TABLE IF EXISTS `file_info`;
/*!40101 SET @saved_cs_client     = @@character_set_client */;
/*!50503 SET character_set_client = utf8mb4 */;
CREATE TABLE `file_info` (
  `file_size` int NOT NULL,
  `created_at` datetime(6) DEFAULT NULL,
  `entity_id` bigint DEFAULT NULL,
  `file_info_id` bigint NOT NULL AUTO_INCREMENT,
  `updated_at` datetime(6) DEFAULT NULL,
  `file_name` varchar(1000) COLLATE utf8mb4_unicode_ci DEFAULT NULL,
  `file_url` varchar(1000) COLLATE utf8mb4_unicode_ci DEFAULT NULL,
  `file_type` varchar(255) COLLATE utf8mb4_unicode_ci DEFAULT NULL,
  `entity_type` enum('COMMENT','POST','USER') COLLATE utf8mb4_unicode_ci DEFAULT NULL,
  PRIMARY KEY (`file_info_id`)
) ENGINE=InnoDB AUTO_INCREMENT=143 DEFAULT CHARSET=utf8mb4 COLLATE=utf8mb4_unicode_ci;
/*!40101 SET character_set_client = @saved_cs_client */;

--
-- Dumping data for table `file_info`
--

LOCK TABLES `file_info` WRITE;
/*!40000 ALTER TABLE `file_info` DISABLE KEYS */;
INSERT INTO `file_info` VALUES (74551,'2024-08-16 01:30:58.045875',3,2,'2024-08-16 01:30:58.045875','카리나.jpg','https://ndolphin.s3.ap-northeast-2.amazonaws.com/image/1723739457978_%E1%84%8F%E1%85%A1%E1%84%85%E1%85%B5%E1%84%82%E1%85%A1.jpg','image/jpg','USER'),(160428,'2024-08-16 01:31:49.146318',4,3,'2024-08-16 01:31:49.146318','hachi.png','https://ndolphin.s3.ap-northeast-2.amazonaws.com/image/1723739508963_hachi.png','image/png','USER'),(1699993,'2024-08-16 01:33:15.720131',3,6,'2024-08-16 01:33:15.720131','image.jpg','https://ndolphin.s3.ap-northeast-2.amazonaws.com/image/1723739595522_image.jpg','image/jpg','POST'),(11318,'2024-08-16 01:37:20.403869',7,9,'2024-08-16 01:37:20.403869','겨울.jpeg','https://ndolphin.s3.ap-northeast-2.amazonaws.com/image/1723739840375_%E1%84%80%E1%85%A7%E1%84%8B%E1%85%AE%E1%86%AF.jpeg','imagex/jpeg','POST'),(1637271,'2024-08-16 01:39:01.600962',1,10,'2024-08-16 01:39:01.600962','1224ce2a-f5e2-44e5-93a7-419ce8dfb461.png','https://ndolphin.s3.ap-northeast-2.amazonaws.com/image/1723739941411_1224ce2a-f5e2-44e5-93a7-419ce8dfb461.png','image/png','COMMENT'),(1564488,'2024-08-16 01:55:06.149266',10,11,'2024-08-16 01:55:06.149266','878af1cb-dfee-480b-97b4-9f1e99123c9d.png','https://ndolphin.s3.ap-northeast-2.amazonaws.com/image/1723740905800_878af1cb-dfee-480b-97b4-9f1e99123c9d.png','image/png','POST'),(100363,'2024-08-16 02:05:02.637509',7,13,'2024-08-16 02:05:02.637509','img.jpg','https://ndolphin.s3.ap-northeast-2.amazonaws.com/image/1723741502324_img.jpg','image/jpg','USER'),(100363,'2024-08-16 02:05:02.663652',7,14,'2024-08-16 02:05:02.663652','img.jpg','https://ndolphin.s3.ap-northeast-2.amazonaws.com/image/1723741502590_img.jpg','image/jpg','USER'),(1422785,'2024-08-16 02:06:04.718487',2,15,'2024-08-16 02:06:04.718487','image.jpg','https://ndolphin.s3.ap-northeast-2.amazonaws.com/image/1723741564510_image.jpg','image/jpg','COMMENT'),(1550391,'2024-08-16 02:09:08.798545',12,16,'2024-08-16 02:09:08.798545','image.jpg','https://ndolphin.s3.ap-northeast-2.amazonaws.com/image/1723748610726_1723741748641_image.jpg','image/jpg','POST'),(1855322,'2024-08-16 02:33:49.578143',14,17,'2024-08-16 02:33:49.578143','image.jpg','https://ndolphin.s3.ap-northeast-2.amazonaws.com/image/1723743229455_image.jpg','image/jpg','POST'),(1550391,'2024-08-16 02:57:07.060232',3,23,'2024-08-16 02:57:07.060232','1723741748641_image.jpg','https://ndolphin.s3.ap-northeast-2.amazonaws.com/image/1723744626930_1723741748641_image.jpg','image/jpg','COMMENT'),(1550391,'2024-08-16 02:59:34.931639',4,25,'2024-08-16 02:59:34.931639','1723741748641_image.jpg','https://ndolphin.s3.ap-northeast-2.amazonaws.com/image/1723744774779_1723741748641_image.jpg','image/jpg','COMMENT'),(1550391,'2024-08-16 03:05:45.241397',5,30,'2024-08-16 03:05:45.241397','1723741748641_image.jpg','https://ndolphin.s3.ap-northeast-2.amazonaws.com/image/1723745145086_1723741748641_image.jpg','image/jpg','COMMENT'),(1550391,'2024-08-16 03:05:58.554097',6,31,'2024-08-16 03:05:58.554097','1723741748641_image.jpg','https://ndolphin.s3.ap-northeast-2.amazonaws.com/image/1723745158474_1723741748641_image.jpg','image/jpg','COMMENT'),(1550391,'2024-08-16 03:06:10.501456',7,32,'2024-08-16 03:06:10.501456','1723741748641_image.jpg','https://ndolphin.s3.ap-northeast-2.amazonaws.com/image/1723745170418_1723741748641_image.jpg','image/jpg','COMMENT'),(1550391,'2024-08-16 03:06:21.973668',8,33,'2024-08-16 03:06:21.973668','1723741748641_image.jpg','https://ndolphin.s3.ap-northeast-2.amazonaws.com/image/1723745181846_1723741748641_image.jpg','image/jpg','COMMENT'),(1637271,'2024-08-16 03:09:57.422432',12,37,'2024-08-16 03:09:57.422432','1224ce2a-f5e2-44e5-93a7-419ce8dfb461.png','https://ndolphin.s3.ap-northeast-2.amazonaws.com/image/1723745397217_1224ce2a-f5e2-44e5-93a7-419ce8dfb461.png','image/png','COMMENT'),(1464723,'2024-08-16 03:30:04.945595',41,43,'2024-08-16 03:30:04.945595','e64a2b5f-ddb4-4912-8d88-b7be07366f9e.png','https://ndolphin.s3.ap-northeast-2.amazonaws.com/image/1723746604733_e64a2b5f-ddb4-4912-8d88-b7be07366f9e.png','image/png','POST'),(1550391,'2024-08-16 03:30:17.074840',16,44,'2024-08-16 03:30:17.074840','1723741748641_image.jpg','https://ndolphin.s3.ap-northeast-2.amazonaws.com/image/1723746616916_1723741748641_image.jpg','image/jpg','COMMENT'),(1550391,'2024-08-16 03:31:17.038359',17,45,'2024-08-16 03:31:17.038359','1723741748641_image.jpg','https://ndolphin.s3.ap-northeast-2.amazonaws.com/image/1723746676966_1723741748641_image.jpg','image/jpg','COMMENT'),(1255081,'2024-08-16 03:57:32.238056',48,52,'2024-08-16 03:57:32.238056','e5bc2d73-7a32-483f-9e0e-37cb27bfc492.png','https://ndolphin.s3.ap-northeast-2.amazonaws.com/image/1723748252077_e5bc2d73-7a32-483f-9e0e-37cb27bfc492.png','image/png','POST'),(1550391,'2024-08-16 04:01:54.306502',30,53,'2024-08-16 04:01:54.306502','1723741748641_image.jpg','https://ndolphin.s3.ap-northeast-2.amazonaws.com/image/1723748514091_1723741748641_image.jpg','image/jpg','COMMENT'),(1550391,'2024-08-16 04:02:38.638885',31,54,'2024-08-16 04:02:38.638885','1723741748641_image.jpg','https://ndolphin.s3.ap-northeast-2.amazonaws.com/image/1723748558493_1723741748641_image.jpg','image/jpg','COMMENT'),(1220050,'2024-08-16 04:02:52.936527',49,55,'2024-08-16 04:02:52.936527','57ab6ff2-ce3e-42e0-b27c-46a531969422.png','https://ndolphin.s3.ap-northeast-2.amazonaws.com/image/1723748572861_57ab6ff2-ce3e-42e0-b27c-46a531969422.png','image/png','POST'),(1550391,'2024-08-16 04:03:30.862562',32,56,'2024-08-16 04:03:30.862562','1723741748641_image.jpg','https://ndolphin.s3.ap-northeast-2.amazonaws.com/image/1723748610726_1723741748641_image.jpg','image/jpg','COMMENT'),(1948445,'2024-08-16 04:05:56.574857',50,57,'2024-08-16 04:05:56.574857','image.jpg','https://ndolphin.s3.ap-northeast-2.amazonaws.com/image/1723748756394_image.jpg','image/jpg','POST'),(1536193,'2024-08-16 04:08:37.024931',51,58,'2024-08-16 04:08:37.024931','image.jpg','https://ndolphin.s3.ap-northeast-2.amazonaws.com/image/1723748916938_image.jpg','image/jpg','POST'),(1619608,'2024-08-16 04:08:59.615259',52,59,'2024-08-16 04:08:59.615259','image.jpg','https://ndolphin.s3.ap-northeast-2.amazonaws.com/image/1723748939446_image.jpg','image/jpg','POST'),(1707417,'2024-08-16 04:09:30.698069',53,60,'2024-08-16 04:09:30.698069','image.jpg','https://ndolphin.s3.ap-northeast-2.amazonaws.com/image/1723748970617_image.jpg','image/jpg','POST'),(1206901,'2024-08-16 04:11:14.800957',33,61,'2024-08-16 04:11:14.800957','a19cd272-c093-4913-889e-972e287d28bc.png','https://ndolphin.s3.ap-northeast-2.amazonaws.com/image/1723749074570_a19cd272-c093-4913-889e-972e287d28bc.png','image/png','COMMENT'),(1898192,'2024-08-16 04:12:02.170039',34,62,'2024-08-16 04:12:02.170039','image.jpg','https://ndolphin.s3.ap-northeast-2.amazonaws.com/image/1723749122072_image.jpg','image/jpg','COMMENT'),(1511523,'2024-08-16 04:13:09.472942',54,64,'2024-08-16 04:13:09.472942','f5758dd6-cb76-4826-aaed-d342ace2bf4e.png','https://ndolphin.s3.ap-northeast-2.amazonaws.com/image/1723749189305_f5758dd6-cb76-4826-aaed-d342ace2bf4e.png','image/png','POST'),(1787420,'2024-08-16 04:13:27.905652',36,65,'2024-08-16 04:13:27.905652','image.jpg','https://ndolphin.s3.ap-northeast-2.amazonaws.com/image/1723749207707_image.jpg','image/jpg','COMMENT'),(1387566,'2024-08-16 04:14:02.881121',37,66,'2024-08-16 04:14:02.881121','6442ec80-ce86-448b-9c03-f755720e6957.png','https://ndolphin.s3.ap-northeast-2.amazonaws.com/image/1723749242705_6442ec80-ce86-448b-9c03-f755720e6957.png','image/png','COMMENT'),(1518428,'2024-08-16 04:15:34.830767',55,68,'2024-08-16 04:15:34.830767','image.jpg','https://ndolphin.s3.ap-northeast-2.amazonaws.com/image/1723749334681_image.jpg','image/jpg','POST'),(1169643,'2024-08-16 04:15:46.742551',40,69,'2024-08-16 04:15:46.742551','671a3e02-af26-4132-a378-446cc0440ebf.png','https://ndolphin.s3.ap-northeast-2.amazonaws.com/image/1723749346568_671a3e02-af26-4132-a378-446cc0440ebf.png','image/png','COMMENT'),(7852,'2024-08-16 04:15:47.974898',14,70,'2024-08-16 04:15:47.974898','이성현 서명.png','https://ndolphin.s3.ap-northeast-2.amazonaws.com/image/1723749347940_%EC%9D%B4%EC%84%B1%ED%98%84%20%EC%84%9C%EB%AA%85.png','image/png','USER'),(7852,'2024-08-16 04:17:30.257413',56,71,'2024-08-16 04:17:30.257413','이성현 서명.png','https://ndolphin.s3.ap-northeast-2.amazonaws.com/image/1723749450193_%EC%9D%B4%EC%84%B1%ED%98%84%20%EC%84%9C%EB%AA%85.png','image/png','POST'),(1025890,'2024-08-16 04:18:04.425513',41,72,'2024-08-16 04:18:04.425513','image.jpg','https://ndolphin.s3.ap-northeast-2.amazonaws.com/image/1723749484253_image.jpg','image/jpg','COMMENT'),(1240627,'2024-08-16 04:19:25.475865',42,73,'2024-08-16 04:19:25.475865','94d23619-c170-48fa-a0d6-1b9b7f942311.png','https://ndolphin.s3.ap-northeast-2.amazonaws.com/image/1723749565290_94d23619-c170-48fa-a0d6-1b9b7f942311.png','image/png','COMMENT'),(1664506,'2024-08-16 04:19:35.508740',43,74,'2024-08-16 04:19:35.508740','image.jpg','https://ndolphin.s3.ap-northeast-2.amazonaws.com/image/1723749575406_image.jpg','image/jpg','COMMENT'),(1645085,'2024-08-16 04:21:19.827427',44,75,'2024-08-16 04:21:19.827427','image.jpg','https://ndolphin.s3.ap-northeast-2.amazonaws.com/image/1723749679624_image.jpg','image/jpg','COMMENT'),(1730430,'2024-08-16 04:21:45.041632',45,76,'2024-08-16 04:21:45.041632','d60f0d15-0481-4a0b-bed2-3ffc5f7ea63f.png','https://ndolphin.s3.ap-northeast-2.amazonaws.com/image/1723749704886_d60f0d15-0481-4a0b-bed2-3ffc5f7ea63f.png','image/png','COMMENT'),(163648,'2024-08-16 04:22:03.059923',9,77,'2024-08-16 04:22:03.059923','제목 없음.png','https://ndolphin.s3.ap-northeast-2.amazonaws.com/image/1723749722788_%EC%A0%9C%EB%AA%A9%20%EC%97%86%EC%9D%8C.png','image/png','USER'),(6140,'2024-08-16 04:22:42.215874',15,78,'2024-08-16 04:22:42.215874','logo.png','https://ndolphin.s3.ap-northeast-2.amazonaws.com/image/1723749762148_logo.png','image/png','USER'),(1892424,'2024-08-16 04:23:33.312545',46,79,'2024-08-16 04:23:33.312545','image.jpg','https://ndolphin.s3.ap-northeast-2.amazonaws.com/image/1723749813192_image.jpg','image/jpg','COMMENT'),(1556442,'2024-08-16 04:24:32.688355',47,80,'2024-08-16 04:24:32.688355','image.jpg','https://ndolphin.s3.ap-northeast-2.amazonaws.com/image/1723749872583_image.jpg','image/jpg','COMMENT'),(1503204,'2024-08-16 04:24:34.050398',48,81,'2024-08-16 04:24:34.050398','image.jpg','https://ndolphin.s3.ap-northeast-2.amazonaws.com/image/1723749873992_image.jpg','image/jpg','COMMENT'),(1645402,'2024-08-16 04:25:31.643854',57,82,'2024-08-16 04:25:31.643854','a187b60d-842a-47f2-a13b-f76013735711.png','https://ndolphin.s3.ap-northeast-2.amazonaws.com/image/1723749931460_a187b60d-842a-47f2-a13b-f76013735711.png','image/png','POST'),(1520708,'2024-08-16 04:25:50.706413',58,83,'2024-08-16 04:25:50.706413','image.jpg','https://ndolphin.s3.ap-northeast-2.amazonaws.com/image/1723749950619_image.jpg','image/jpg','POST'),(1758059,'2024-08-16 04:26:08.772147',49,84,'2024-08-16 04:26:08.772147','image.jpg','https://ndolphin.s3.ap-northeast-2.amazonaws.com/image/1723749968589_image.jpg','image/jpg','COMMENT'),(1588432,'2024-08-16 04:27:40.185070',50,85,'2024-08-16 04:27:40.185070','image.jpg','https://ndolphin.s3.ap-northeast-2.amazonaws.com/image/1723750060017_image.jpg','image/jpg','COMMENT'),(1112745,'2024-08-16 04:29:37.426327',52,87,'2024-08-16 04:29:37.426327','image.jpg','https://ndolphin.s3.ap-northeast-2.amazonaws.com/image/1723750177250_image.jpg','image/jpg','COMMENT'),(1633329,'2024-08-16 04:30:55.658649',53,88,'2024-08-16 04:30:55.658649','image.jpg','https://ndolphin.s3.ap-northeast-2.amazonaws.com/image/1723750255538_image.jpg','image/jpg','COMMENT'),(921766,'2024-08-16 04:32:39.662967',54,89,'2024-08-16 04:32:39.662967','image.jpg','https://ndolphin.s3.ap-northeast-2.amazonaws.com/image/1723750359577_image.jpg','image/jpg','COMMENT'),(1636657,'2024-08-16 04:33:38.228345',59,90,'2024-08-16 04:33:38.228345','d9dcabec-72d5-4548-8f1b-2969d7493b4e.png','https://ndolphin.s3.ap-northeast-2.amazonaws.com/image/1723750418073_d9dcabec-72d5-4548-8f1b-2969d7493b4e.png','image/png','POST'),(1287985,'2024-08-16 04:34:07.014051',60,91,'2024-08-16 04:34:07.014051','image.jpg','https://ndolphin.s3.ap-northeast-2.amazonaws.com/image/1723750446931_image.jpg','image/jpg','POST'),(6132,'2024-08-16 04:35:33.494485',17,92,'2024-08-16 04:35:33.494485','다운로드.png','https://ndolphin.s3.ap-northeast-2.amazonaws.com/image/1723750533430_%EB%8B%A4%EC%9A%B4%EB%A1%9C%EB%93%9C.png','image/png','USER'),(1422841,'2024-08-16 04:36:11.171736',56,93,'2024-08-16 04:36:11.171736','142077d4-490a-43ec-850f-65e849d93463.png','https://ndolphin.s3.ap-northeast-2.amazonaws.com/image/1723750570983_142077d4-490a-43ec-850f-65e849d93463.png','image/png','COMMENT'),(1075316,'2024-08-16 04:37:50.017472',57,95,'2024-08-16 04:37:50.017472','image.jpg','https://ndolphin.s3.ap-northeast-2.amazonaws.com/image/1723750669937_image.jpg','image/jpg','COMMENT'),(917484,'2024-08-16 04:39:08.674261',58,98,'2024-08-16 04:39:08.674261','image.jpg','https://ndolphin.s3.ap-northeast-2.amazonaws.com/image/1723750748629_image.jpg','image/jpg','COMMENT'),(1430815,'2024-08-16 04:41:02.732209',60,100,'2024-08-16 04:41:02.732209','47a880e0-756a-4046-8f61-c98de815f556.png','https://ndolphin.s3.ap-northeast-2.amazonaws.com/image/1723750862567_47a880e0-756a-4046-8f61-c98de815f556.png','image/png','COMMENT'),(7852,'2024-08-16 04:42:22.555110',66,101,'2024-08-16 04:42:22.555110','이성현 서명.png','https://ndolphin.s3.ap-northeast-2.amazonaws.com/image/1723750942523_%EC%9D%B4%EC%84%B1%ED%98%84%20%EC%84%9C%EB%AA%85.png','image/png','POST'),(2249306,'2024-08-16 04:43:49.437513',67,102,'2024-08-16 04:43:49.437513','image.jpg','https://ndolphin.s3.ap-northeast-2.amazonaws.com/image/1723751029103_image.jpg','image/jpg','POST'),(1225214,'2024-08-16 04:45:29.952727',61,103,'2024-08-16 04:45:29.952727','4420918d-23d1-4f5a-b94e-c33e8476d76a.png','https://ndolphin.s3.ap-northeast-2.amazonaws.com/image/1723751129839_4420918d-23d1-4f5a-b94e-c33e8476d76a.png','image/png','COMMENT'),(2046443,'2024-08-16 04:45:44.713418',62,104,'2024-08-16 04:45:44.713418','image.jpg','https://ndolphin.s3.ap-northeast-2.amazonaws.com/image/1723751144497_image.jpg','image/jpg','COMMENT'),(971690,'2024-08-16 04:47:14.060968',63,105,'2024-08-16 04:47:14.060968','image.jpg','https://ndolphin.s3.ap-northeast-2.amazonaws.com/image/1723751233897_image.jpg','image/jpg','COMMENT'),(1814498,'2024-08-16 04:49:53.985992',64,106,'2024-08-16 04:49:53.985992','image.jpg','https://ndolphin.s3.ap-northeast-2.amazonaws.com/image/1723751393899_image.jpg','image/jpg','COMMENT'),(1419988,'2024-08-16 04:50:09.097923',65,107,'2024-08-16 04:50:09.097923','f3892afa-84ae-4c54-8f17-b9da1264be31.png','https://ndolphin.s3.ap-northeast-2.amazonaws.com/image/1723751408964_f3892afa-84ae-4c54-8f17-b9da1264be31.png','image/png','COMMENT'),(1367272,'2024-08-16 04:53:03.130730',72,109,'2024-08-16 04:53:03.130730','image.jpg','https://ndolphin.s3.ap-northeast-2.amazonaws.com/image/1723751582964_image.jpg','image/jpg','POST'),(1471222,'2024-08-16 04:53:06.588023',66,110,'2024-08-16 04:53:06.588023','image.jpg','https://ndolphin.s3.ap-northeast-2.amazonaws.com/image/1723751586477_image.jpg','image/jpg','COMMENT'),(1464723,'2024-08-16 04:54:05.223389',73,111,'2024-08-16 04:54:05.223389','e64a2b5f-ddb4-4912-8d88-b7be07366f9e.png','https://ndolphin.s3.ap-northeast-2.amazonaws.com/image/1723751645067_e64a2b5f-ddb4-4912-8d88-b7be07366f9e.png','image/png','POST'),(9968,'2024-08-16 05:15:30.139750',13,112,'2024-08-16 05:15:30.139750','profile1.png','https://ndolphin.s3.ap-northeast-2.amazonaws.com/image/1723752930043_profile1.png','image/png','USER'),(15780,'2024-08-16 05:29:35.746765',78,116,'2024-08-16 05:29:35.746765','다운로드.jfif','https://ndolphin.s3.ap-northeast-2.amazonaws.com/1723753775404_%EB%8B%A4%EC%9A%B4%EB%A1%9C%EB%93%9C.jfif','application/octet-stream','POST'),(540383,'2024-08-16 05:29:35.812993',78,117,'2024-08-16 05:29:35.812993','1667192556000_에어컨_벽걸이.png','https://ndolphin.s3.ap-northeast-2.amazonaws.com/image/1723753775755_1667192556000_%EC%97%90%EC%96%B4%EC%BB%A8_%EB%B2%BD%EA%B1%B8%EC%9D%B4.png','image/png','POST'),(50979,'2024-08-16 05:33:05.932108',73,120,'2024-08-16 05:33:05.932108','OutOfMemory.png','https://ndolphin.s3.ap-northeast-2.amazonaws.com/image/1723753985857_OutOfMemory.png','image/png','COMMENT'),(11291,'2024-08-16 05:35:08.013126',81,121,'2024-08-16 05:35:08.013126','박예진서명.png','https://ndolphin.s3.ap-northeast-2.amazonaws.com/image/1723754107951_%EB%B0%95%EC%98%88%EC%A7%84%EC%84%9C%EB%AA%85.png','image/png','POST'),(6215,'2024-08-16 05:42:55.795631',84,123,'2024-08-16 05:42:55.795631','image (2).png','https://ndolphin.s3.ap-northeast-2.amazonaws.com/image/1723754575691_image%20%282%29.png','image/png','POST'),(1896,'2024-08-16 05:45:26.669626',85,124,'2024-08-16 05:45:26.669626','image (4).png','https://ndolphin.s3.ap-northeast-2.amazonaws.com/image/1723754726596_image%20%284%29.png','image/png','POST'),(6215,'2024-08-16 05:49:12.494618',86,125,'2024-08-16 05:49:12.494618','image (2).png','https://ndolphin.s3.ap-northeast-2.amazonaws.com/image/1723754952433_image%20%282%29.png','image/png','POST'),(2098,'2024-08-16 05:54:38.561730',18,126,'2024-08-16 05:54:38.561730','JPA.png','https://ndolphin.s3.ap-northeast-2.amazonaws.com/image/1723755278526_JPA.png','image/png','USER'),(5714,'2024-08-16 06:13:31.125249',88,127,'2024-08-16 06:13:31.125249','default_profile.jpg','https://ndolphin.s3.ap-northeast-2.amazonaws.com/image/1723756410878_default_profile.jpg','image/jpg','POST'),(2550,'2024-08-16 09:06:43.532049',5,128,'2024-08-16 09:06:43.532049','다운로드.jfif','https://ndolphin.s3.ap-northeast-2.amazonaws.com/1723766803268_%EB%8B%A4%EC%9A%B4%EB%A1%9C%EB%93%9C.jfif','application/octet-stream','USER'),(1288175,'2024-08-16 09:11:33.134165',8,130,'2024-08-16 09:11:33.134165','12.png','https://ndolphin.s3.ap-northeast-2.amazonaws.com/image/1723767092933_12.png','image/png','USER'),(1676322,'2024-08-16 09:12:44.637161',91,131,'2024-08-16 09:12:44.637161','image.jpg','https://ndolphin.s3.ap-northeast-2.amazonaws.com/image/1723767164433_image.jpg','image/jpg','POST'),(7312,'2024-08-16 09:14:57.267810',1,132,'2024-08-16 09:14:57.267810','images.jfif','https://ndolphin.s3.ap-northeast-2.amazonaws.com/1723767296981_images.jfif','application/octet-stream','USER'),(8630,'2024-08-16 09:15:32.724921',10,133,'2024-08-16 09:15:32.724921','11.jpg','https://ndolphin.s3.ap-northeast-2.amazonaws.com/image/1723767332657_11.jpg','image/jpg','USER'),(2017639,'2024-08-16 09:17:14.766255',92,134,'2024-08-16 09:17:14.766255','image.jpg','https://ndolphin.s3.ap-northeast-2.amazonaws.com/image/1723767434583_image.jpg','image/jpg','POST'),(8183,'2024-08-16 09:17:58.223825',11,135,'2024-08-16 09:17:58.223825','123.jpg','https://ndolphin.s3.ap-northeast-2.amazonaws.com/image/1723767478151_123.jpg','image/jpg','USER'),(20751,'2024-08-16 09:19:01.062066',2,136,'2024-08-16 09:19:01.062066','애용.png','https://ndolphin.s3.ap-northeast-2.amazonaws.com/image/1723767541022_%EC%95%A0%EC%9A%A9.png','image/png','USER'),(1444289,'2024-08-16 09:32:50.722377',93,137,'2024-08-16 09:32:50.722377','image.jpg','https://ndolphin.s3.ap-northeast-2.amazonaws.com/image/1723768370525_image.jpg','image/jpg','POST'),(1736015,'2024-08-16 09:39:12.129925',94,138,'2024-08-16 09:39:12.129925','image.jpg','https://ndolphin.s3.ap-northeast-2.amazonaws.com/image/1723768751912_image.jpg','image/jpg','POST'),(2114571,'2024-08-16 09:46:15.064161',95,139,'2024-08-16 09:46:15.064161','image.jpg','https://ndolphin.s3.ap-northeast-2.amazonaws.com/image/1723769174979_image.jpg','image/jpg','POST'),(40685,'2024-08-16 09:53:21.642794',96,140,'2024-08-16 09:53:21.642794','다운로드 (2).jfif','https://ndolphin.s3.ap-northeast-2.amazonaws.com/1723769601505_%EB%8B%A4%EC%9A%B4%EB%A1%9C%EB%93%9C%20%282%29.jfif','application/octet-stream','POST'),(68850,'2024-08-16 09:53:21.756985',96,141,'2024-08-16 09:53:21.756985','다운로드 (1).jfif','https://ndolphin.s3.ap-northeast-2.amazonaws.com/1723769601644_%EB%8B%A4%EC%9A%B4%EB%A1%9C%EB%93%9C%20%281%29.jfif','application/octet-stream','POST'),(106554,'2024-08-16 09:53:21.812886',96,142,'2024-08-16 09:53:21.812886','다운로드.jfif','https://ndolphin.s3.ap-northeast-2.amazonaws.com/1723769601758_%EB%8B%A4%EC%9A%B4%EB%A1%9C%EB%93%9C.jfif','application/octet-stream','POST');
/*!40000 ALTER TABLE `file_info` ENABLE KEYS */;
UNLOCK TABLES;

--
-- Table structure for table `follow`
--

DROP TABLE IF EXISTS `follow`;
/*!40101 SET @saved_cs_client     = @@character_set_client */;
/*!50503 SET character_set_client = utf8mb4 */;
CREATE TABLE `follow` (
  `created_at` datetime(6) DEFAULT NULL,
  `follow_id` bigint NOT NULL AUTO_INCREMENT,
  `follower_id` bigint DEFAULT NULL,
  `following_id` bigint DEFAULT NULL,
  `updated_at` datetime(6) DEFAULT NULL,
  PRIMARY KEY (`follow_id`),
  UNIQUE KEY `UKfb7ln73htigy8q3cx7ebyho3c` (`follower_id`,`following_id`),
  KEY `FKqme6uru2g9wx9iysttk542esm` (`following_id`),
  CONSTRAINT `FKmow2qk674plvwyb4wqln37svv` FOREIGN KEY (`follower_id`) REFERENCES `user` (`user_id`),
  CONSTRAINT `FKqme6uru2g9wx9iysttk542esm` FOREIGN KEY (`following_id`) REFERENCES `user` (`user_id`)
) ENGINE=InnoDB AUTO_INCREMENT=10 DEFAULT CHARSET=utf8mb4 COLLATE=utf8mb4_unicode_ci;
/*!40101 SET character_set_client = @saved_cs_client */;

--
-- Dumping data for table `follow`
--

LOCK TABLES `follow` WRITE;
/*!40000 ALTER TABLE `follow` DISABLE KEYS */;
INSERT INTO `follow` VALUES ('2024-08-16 01:59:08.308182',1,1,3,'2024-08-16 01:59:08.308182'),('2024-08-16 05:15:09.937230',7,13,4,'2024-08-16 05:15:09.937230'),('2024-08-16 09:17:45.024638',9,4,2,'2024-08-16 09:17:45.024638');
/*!40000 ALTER TABLE `follow` ENABLE KEYS */;
UNLOCK TABLES;

--
-- Table structure for table `hello`
--

DROP TABLE IF EXISTS `hello`;
/*!40101 SET @saved_cs_client     = @@character_set_client */;
/*!50503 SET character_set_client = utf8mb4 */;
CREATE TABLE `hello` (
  `id` bigint NOT NULL,
  PRIMARY KEY (`id`)
) ENGINE=InnoDB DEFAULT CHARSET=utf8mb4 COLLATE=utf8mb4_unicode_ci;
/*!40101 SET character_set_client = @saved_cs_client */;

--
-- Dumping data for table `hello`
--

LOCK TABLES `hello` WRITE;
/*!40000 ALTER TABLE `hello` DISABLE KEYS */;
/*!40000 ALTER TABLE `hello` ENABLE KEYS */;
UNLOCK TABLES;

--
-- Table structure for table `hello_seq`
--

DROP TABLE IF EXISTS `hello_seq`;
/*!40101 SET @saved_cs_client     = @@character_set_client */;
/*!50503 SET character_set_client = utf8mb4 */;
CREATE TABLE `hello_seq` (
  `next_val` bigint DEFAULT NULL
) ENGINE=InnoDB DEFAULT CHARSET=utf8mb4 COLLATE=utf8mb4_unicode_ci;
/*!40101 SET character_set_client = @saved_cs_client */;

--
-- Dumping data for table `hello_seq`
--

LOCK TABLES `hello_seq` WRITE;
/*!40000 ALTER TABLE `hello_seq` DISABLE KEYS */;
INSERT INTO `hello_seq` VALUES (1);
/*!40000 ALTER TABLE `hello_seq` ENABLE KEYS */;
UNLOCK TABLES;

--
-- Table structure for table `likes`
--

DROP TABLE IF EXISTS `likes`;
/*!40101 SET @saved_cs_client     = @@character_set_client */;
/*!50503 SET character_set_client = utf8mb4 */;
CREATE TABLE `likes` (
  `comment_id` bigint DEFAULT NULL,
  `created_at` datetime(6) DEFAULT NULL,
  `like_id` bigint NOT NULL AUTO_INCREMENT,
  `updated_at` datetime(6) DEFAULT NULL,
  `user_id` bigint DEFAULT NULL,
  PRIMARY KEY (`like_id`),
  KEY `FK8arpx7i3g3e5dammtdsira2m6` (`comment_id`),
  KEY `FKi2wo4dyk4rok7v4kak8sgkwx0` (`user_id`),
  CONSTRAINT `FK8arpx7i3g3e5dammtdsira2m6` FOREIGN KEY (`comment_id`) REFERENCES `comment` (`comment_id`),
  CONSTRAINT `FKi2wo4dyk4rok7v4kak8sgkwx0` FOREIGN KEY (`user_id`) REFERENCES `user` (`user_id`)
) ENGINE=InnoDB AUTO_INCREMENT=7 DEFAULT CHARSET=utf8mb4 COLLATE=utf8mb4_unicode_ci;
/*!40101 SET character_set_client = @saved_cs_client */;

--
-- Dumping data for table `likes`
--

LOCK TABLES `likes` WRITE;
/*!40000 ALTER TABLE `likes` DISABLE KEYS */;
INSERT INTO `likes` VALUES (67,'2024-08-16 04:54:19.240231',4,'2024-08-16 04:54:19.240231',4),(67,'2024-08-16 05:14:01.338926',5,'2024-08-16 05:14:01.338926',13);
/*!40000 ALTER TABLE `likes` ENABLE KEYS */;
UNLOCK TABLES;

--
-- Table structure for table `notification`
--

DROP TABLE IF EXISTS `notification`;
/*!40101 SET @saved_cs_client     = @@character_set_client */;
/*!50503 SET character_set_client = utf8mb4 */;
CREATE TABLE `notification` (
  `is_read` bit(1) NOT NULL,
  `created_at` datetime(6) DEFAULT NULL,
  `notification_id` bigint NOT NULL AUTO_INCREMENT,
  `updated_at` datetime(6) DEFAULT NULL,
  `user_id` bigint DEFAULT NULL,
  `writer_id` bigint DEFAULT NULL,
  `content` varchar(255) COLLATE utf8mb4_unicode_ci DEFAULT NULL,
  PRIMARY KEY (`notification_id`),
  KEY `FKb0yvoep4h4k92ipon31wmdf7e` (`user_id`),
  KEY `FKbtvkivatoh9yitle5unojiqt4` (`writer_id`),
  CONSTRAINT `FKb0yvoep4h4k92ipon31wmdf7e` FOREIGN KEY (`user_id`) REFERENCES `user` (`user_id`),
  CONSTRAINT `FKbtvkivatoh9yitle5unojiqt4` FOREIGN KEY (`writer_id`) REFERENCES `user` (`user_id`)
) ENGINE=InnoDB AUTO_INCREMENT=15 DEFAULT CHARSET=utf8mb4 COLLATE=utf8mb4_unicode_ci;
/*!40101 SET character_set_client = @saved_cs_client */;

--
-- Dumping data for table `notification`
--

LOCK TABLES `notification` WRITE;
/*!40000 ALTER TABLE `notification` DISABLE KEYS */;
INSERT INTO `notification` VALUES (_binary '\0','2024-08-16 03:52:08.707755',3,'2024-08-16 03:52:08.707755',4,8,' 님이 회원님을 팔로우하기 시작했습니다'),(_binary '\0','2024-08-16 04:53:02.899413',5,'2024-08-16 04:53:02.899413',1,3,' 님이 새로운 만약에를 등록했습니다'),(_binary '\0','2024-08-16 05:15:10.023885',6,'2024-08-16 05:15:10.023885',4,13,' 님이 회원님을 팔로우하기 시작했습니다'),(_binary '\0','2024-08-16 05:23:29.262787',7,'2024-08-16 05:23:29.262787',13,4,' 님이 새로운 괜찮아를 등록했습니다'),(_binary '\0','2024-08-16 05:24:50.283242',8,'2024-08-16 05:24:50.283242',13,4,' 님이 새로운 작별인사를 등록했습니다'),(_binary '\0','2024-08-16 05:29:35.396467',9,'2024-08-16 05:29:35.396467',13,4,' 님이 새로운 괜찮아를 등록했습니다'),(_binary '\0','2024-08-16 09:12:44.345772',11,'2024-08-16 09:12:44.345772',13,4,' 님이 새로운 만약에를 등록했습니다'),(_binary '\0','2024-08-16 09:17:14.490197',12,'2024-08-16 09:17:14.490197',13,4,' 님이 새로운 밸런스게임을 등록했습니다'),(_binary '\0','2024-08-16 09:17:45.118434',13,'2024-08-16 09:17:45.118434',2,4,' 님이 회원님을 팔로우하기 시작했습니다'),(_binary '\0','2024-08-16 09:32:49.432698',14,'2024-08-16 09:32:49.432698',13,4,'가르마 님이 새로운 릴레이북을 등록했습니다');
/*!40000 ALTER TABLE `notification` ENABLE KEYS */;
UNLOCK TABLES;

--
-- Table structure for table `npoint`
--

DROP TABLE IF EXISTS `npoint`;
/*!40101 SET @saved_cs_client     = @@character_set_client */;
/*!50503 SET character_set_client = utf8mb4 */;
CREATE TABLE `npoint` (
  `created_at` datetime(6) DEFAULT NULL,
  `n_point_id` bigint NOT NULL AUTO_INCREMENT,
  `n_point_rule_id` bigint DEFAULT NULL,
  `updated_at` datetime(6) DEFAULT NULL,
  `user_id` bigint DEFAULT NULL,
  PRIMARY KEY (`n_point_id`),
  KEY `FK3h08nw95vdn54sbpw7174agk9` (`n_point_rule_id`),
  KEY `FK1vw7eec2n97c6683lj4uf31gt` (`user_id`),
  CONSTRAINT `FK1vw7eec2n97c6683lj4uf31gt` FOREIGN KEY (`user_id`) REFERENCES `user` (`user_id`),
  CONSTRAINT `FK3h08nw95vdn54sbpw7174agk9` FOREIGN KEY (`n_point_rule_id`) REFERENCES `point_rule` (`point_rule_id`)
) ENGINE=InnoDB AUTO_INCREMENT=43 DEFAULT CHARSET=utf8mb4 COLLATE=utf8mb4_unicode_ci;
/*!40101 SET character_set_client = @saved_cs_client */;

--
-- Dumping data for table `npoint`
--

LOCK TABLES `npoint` WRITE;
/*!40000 ALTER TABLE `npoint` DISABLE KEYS */;
INSERT INTO `npoint` VALUES ('2024-08-16 05:13:39.820139',1,2,'2024-08-16 05:13:39.820139',13),('2024-08-16 05:14:01.339342',2,4,'2024-08-16 05:14:01.339342',13),('2024-08-16 05:14:06.776703',3,3,'2024-08-16 05:14:06.776703',13),('2024-08-16 05:14:20.154583',4,3,'2024-08-16 05:14:20.154583',13),('2024-08-16 05:14:29.259350',5,2,'2024-08-16 05:14:29.259350',13),('2024-08-16 05:20:35.710706',6,3,'2024-08-16 05:20:35.710706',2),('2024-08-16 05:21:39.337827',7,2,'2024-08-16 05:21:39.337827',2),('2024-08-16 05:21:49.262789',8,5,'2024-08-16 05:21:49.262789',4),('2024-08-16 05:21:49.691809',9,5,'2024-08-16 05:21:49.691809',4),('2024-08-16 05:21:50.032141',10,5,'2024-08-16 05:21:50.032141',4),('2024-08-16 05:21:50.754651',11,5,'2024-08-16 05:21:50.754651',4),('2024-08-16 05:21:51.095663',12,5,'2024-08-16 05:21:51.095663',4),('2024-08-16 05:21:51.393163',13,5,'2024-08-16 05:21:51.393163',4),('2024-08-16 05:21:52.154385',14,5,'2024-08-16 05:21:52.154385',4),('2024-08-16 05:23:29.076432',15,1,'2024-08-16 05:23:29.076432',4),('2024-08-16 05:24:50.184205',16,1,'2024-08-16 05:24:50.184205',4),('2024-08-16 05:24:55.841619',17,5,'2024-08-16 05:24:55.841619',4),('2024-08-16 05:25:39.967525',18,3,'2024-08-16 05:25:39.967525',2),('2024-08-16 05:26:18.307070',19,3,'2024-08-16 05:26:18.307070',2),('2024-08-16 05:26:25.318145',20,3,'2024-08-16 05:26:25.318145',2),('2024-08-16 05:26:30.546183',21,3,'2024-08-16 05:26:30.546183',2),('2024-08-16 05:29:35.380272',23,1,'2024-08-16 05:29:35.380272',4),('2024-08-16 05:30:01.532743',24,3,'2024-08-16 05:30:01.532743',4),('2024-08-16 05:57:18.206519',31,2,'2024-08-16 05:57:18.206519',5),('2024-08-16 06:14:01.810316',32,2,'2024-08-16 06:14:01.810316',7),('2024-08-16 09:06:40.068895',33,2,'2024-08-16 09:06:40.068895',7),('2024-08-16 09:17:17.914569',34,3,'2024-08-16 09:17:17.914569',4),('2024-08-16 09:26:59.686902',35,5,'2024-08-16 09:26:59.686902',3),('2024-08-16 09:28:54.494769',36,3,'2024-08-16 09:28:54.494769',17),('2024-08-16 09:31:20.319665',37,3,'2024-08-16 09:31:20.319665',2),('2024-08-16 09:31:42.921552',38,3,'2024-08-16 09:31:42.921552',2),('2024-08-16 09:32:49.398569',39,1,'2024-08-16 09:32:49.398569',4),('2024-08-16 09:39:10.613103',40,1,'2024-08-16 09:39:10.613103',9),('2024-08-16 09:46:14.867015',41,1,'2024-08-16 09:46:14.867015',9),('2024-08-16 09:53:21.460376',42,1,'2024-08-16 09:53:21.460376',9);
/*!40000 ALTER TABLE `npoint` ENABLE KEYS */;
UNLOCK TABLES;

--
-- Table structure for table `point_rule`
--

DROP TABLE IF EXISTS `point_rule`;
/*!40101 SET @saved_cs_client     = @@character_set_client */;
/*!50503 SET character_set_client = utf8mb4 */;
CREATE TABLE `point_rule` (
  `point_rule_id` bigint NOT NULL AUTO_INCREMENT,
  `point` int NOT NULL,
  `created_at` datetime(6) DEFAULT NULL,
  `reason` enum('CREATE_BOARD','COMMENT','VOTE','LIKE','REACTION') CHARACTER SET utf8mb4 COLLATE utf8mb4_unicode_ci DEFAULT NULL,
  `updated_at` datetime(6) DEFAULT NULL,
  PRIMARY KEY (`point_rule_id`)
) ENGINE=InnoDB AUTO_INCREMENT=6 DEFAULT CHARSET=utf8mb4 COLLATE=utf8mb4_unicode_ci;
/*!40101 SET character_set_client = @saved_cs_client */;

--
-- Dumping data for table `point_rule`
--

LOCK TABLES `point_rule` WRITE;
/*!40000 ALTER TABLE `point_rule` DISABLE KEYS */;
INSERT INTO `point_rule` VALUES (1,100,'2024-08-14 16:14:36.000000','CREATE_BOARD',NULL),(2,30,'2024-08-14 16:14:36.000000','COMMENT',NULL),(3,10,'2024-08-14 16:14:36.000000','VOTE',NULL),(4,5,'2024-08-14 16:14:36.000000','LIKE',NULL),(5,5,'2024-08-14 16:14:36.000000','REACTION',NULL);
/*!40000 ALTER TABLE `point_rule` ENABLE KEYS */;
UNLOCK TABLES;

--
-- Table structure for table `reaction`
--

DROP TABLE IF EXISTS `reaction`;
/*!40101 SET @saved_cs_client     = @@character_set_client */;
/*!50503 SET character_set_client = utf8mb4 */;
CREATE TABLE `reaction` (
  `board_id` bigint DEFAULT NULL,
  `created_at` datetime(6) DEFAULT NULL,
  `reaction_id` bigint NOT NULL AUTO_INCREMENT,
  `updated_at` datetime(6) DEFAULT NULL,
  `user_id` bigint DEFAULT NULL,
  `reaction_type` enum('FUN','GOODBYE','NONE','SAD','SURPRISE','THINK','WELCOME') COLLATE utf8mb4_unicode_ci DEFAULT NULL,
  PRIMARY KEY (`reaction_id`),
  UNIQUE KEY `UK9ediqb1u8al6xxpchb7g42abd` (`user_id`,`board_id`),
  KEY `FK7bug6mxn1l3mq8wj67f9jxfv8` (`board_id`),
  CONSTRAINT `FK7bug6mxn1l3mq8wj67f9jxfv8` FOREIGN KEY (`board_id`) REFERENCES `board` (`board_id`),
  CONSTRAINT `FKp68qgeq3telx6adl7hssrdxbw` FOREIGN KEY (`user_id`) REFERENCES `user` (`user_id`)
) ENGINE=InnoDB AUTO_INCREMENT=114 DEFAULT CHARSET=utf8mb4 COLLATE=utf8mb4_unicode_ci;
/*!40101 SET character_set_client = @saved_cs_client */;

--
-- Dumping data for table `reaction`
--

LOCK TABLES `reaction` WRITE;
/*!40000 ALTER TABLE `reaction` DISABLE KEYS */;
INSERT INTO `reaction` VALUES (1,'2024-08-16 01:33:33.715095',1,'2024-08-16 01:33:33.715095',5,'GOODBYE'),(5,'2024-08-16 01:57:46.736160',2,'2024-08-16 01:57:46.736160',1,'WELCOME'),(5,'2024-08-16 02:36:17.036563',4,'2024-08-16 02:36:17.036563',4,'WELCOME'),(12,'2024-08-16 04:04:31.265944',18,'2024-08-16 04:04:32.393888',4,'SURPRISE'),(12,'2024-08-16 04:05:12.603862',19,'2024-08-16 04:05:12.603862',7,'FUN'),(51,'2024-08-16 04:24:42.162004',22,'2024-08-16 04:24:42.162004',3,'FUN'),(51,'2024-08-16 04:28:04.027831',23,'2024-08-16 04:28:04.027831',15,'THINK'),(55,'2024-08-16 04:40:41.431870',24,'2024-08-16 04:40:41.431870',17,'FUN'),(51,'2024-08-16 04:40:52.044079',25,'2024-08-16 04:45:57.795650',17,'FUN'),(55,'2024-08-16 04:46:48.469094',27,'2024-08-16 04:46:48.469094',4,'FUN'),(51,'2024-08-16 04:47:05.806328',28,'2024-08-16 04:47:05.806328',4,'FUN'),(3,'2024-08-16 04:47:33.256750',29,'2024-08-16 04:47:33.256750',4,'SURPRISE'),(55,'2024-08-16 04:48:08.112711',30,'2024-08-16 04:48:08.112711',3,'THINK'),(3,'2024-08-16 04:48:20.141813',32,'2024-08-16 04:48:20.984347',3,'FUN'),(67,'2024-08-16 04:53:15.018146',33,'2024-08-16 04:53:15.018146',17,'FUN'),(3,'2024-08-16 05:13:25.412094',34,'2024-08-16 05:13:25.412094',13,'THINK'),(5,'2024-08-16 05:14:39.946884',35,'2024-08-16 05:14:39.946884',13,'WELCOME'),(1,'2024-08-16 05:14:42.184209',36,'2024-08-16 05:14:42.184209',13,'GOODBYE'),(67,'2024-08-16 05:21:52.150967',43,'2024-08-16 05:21:52.150967',4,'FUN'),(76,'2024-08-16 05:24:55.853282',44,'2024-08-16 05:24:55.853282',4,'GOODBYE'),(76,'2024-08-16 05:28:17.889055',45,'2024-08-16 05:30:32.654093',2,'WELCOME'),(80,'2024-08-16 05:36:34.410557',90,'2024-08-16 05:36:34.410557',15,'GOODBYE'),(67,'2024-08-16 05:59:51.711658',96,'2024-08-16 05:59:51.711658',19,'THINK'),(12,'2024-08-16 09:26:59.688457',113,'2024-08-16 09:26:59.688457',3,'THINK');
/*!40000 ALTER TABLE `reaction` ENABLE KEYS */;
UNLOCK TABLES;

--
-- Table structure for table `token`
--

DROP TABLE IF EXISTS `token`;
/*!40101 SET @saved_cs_client     = @@character_set_client */;
/*!50503 SET character_set_client = utf8mb4 */;
CREATE TABLE `token` (
  `created_at` datetime(6) DEFAULT NULL,
  `token_id` bigint NOT NULL AUTO_INCREMENT,
  `updated_at` datetime(6) DEFAULT NULL,
  `user_id` bigint DEFAULT NULL,
  `access_token` varchar(255) COLLATE utf8mb4_unicode_ci DEFAULT NULL,
  `refresh_token` varchar(255) COLLATE utf8mb4_unicode_ci DEFAULT NULL,
  PRIMARY KEY (`token_id`),
  UNIQUE KEY `UKg7im3j7f0g31yhl6qco2iboy5` (`user_id`),
  CONSTRAINT `FKe32ek7ixanakfqsdaokm4q9y2` FOREIGN KEY (`user_id`) REFERENCES `user` (`user_id`)
) ENGINE=InnoDB AUTO_INCREMENT=17 DEFAULT CHARSET=utf8mb4 COLLATE=utf8mb4_unicode_ci;
/*!40101 SET character_set_client = @saved_cs_client */;

--
-- Dumping data for table `token`
--

LOCK TABLES `token` WRITE;
/*!40000 ALTER TABLE `token` DISABLE KEYS */;
INSERT INTO `token` VALUES ('2024-08-16 01:27:48.147313',1,'2024-08-16 09:11:53.002764',1,'eyJhbGciOiJIUzI1NiJ9.eyJzdWIiOiIxIiwiaWF0IjoxNzIzNzY3MTEzLCJleHAiOjE3MjYzNTkxMTN9.Z5z0OBY-C30z_XikzjgnJ5Zj1PoPDeYhjcerHeXCBT4','eyJhbGciOiJIUzI1NiJ9.eyJzdWIiOiIxIiwiaWF0IjoxNzIzNzY3MTEzLCJleHAiOjE3MjQzNzE5MTN9.212a83uFZp7j0LbtGpwhxxtxkSu1AKvKgQyqd0l29ZQ'),('2024-08-16 01:28:18.946391',2,'2024-08-16 09:30:46.376334',2,'eyJhbGciOiJIUzI1NiJ9.eyJzdWIiOiIyIiwiaWF0IjoxNzIzNzY4MjQ2LCJleHAiOjE3MjYzNjAyNDZ9.G_ZIyW-6SnInrEMwDsqxBNtDNoF59GXRHfp3ro8Ol3E','eyJhbGciOiJIUzI1NiJ9.eyJzdWIiOiIyIiwiaWF0IjoxNzIzNzY4MjQ2LCJleHAiOjE3MjQzNzMwNDZ9.LG8_YKcSRHlX3w-y-0yt2NIN_fSSGng-JxRQ3xNZdAU'),('2024-08-16 01:30:43.727506',3,'2024-08-16 09:35:10.695488',3,'eyJhbGciOiJIUzI1NiJ9.eyJzdWIiOiIzIiwiaWF0IjoxNzIzNzY4NTEwLCJleHAiOjE3MjYzNjA1MTB9.T3TW1ddqUtS5qda1hgAv0AZUTko4zmZ9jzBFCoiaNGI','eyJhbGciOiJIUzI1NiJ9.eyJzdWIiOiIzIiwiaWF0IjoxNzIzNzY4NTEwLCJleHAiOjE3MjQzNzMzMTB9.ubJV2miVHn8Nc3FAEIatjgcAx5ueS_bEG2z0vcvxCKg'),('2024-08-16 01:31:38.010887',4,'2024-08-16 11:02:54.097855',4,'eyJhbGciOiJIUzI1NiJ9.eyJzdWIiOiI0IiwiaWF0IjoxNzIzNzczNzc0LCJleHAiOjE3MjYzNjU3NzR9.NZvVyJDwpwgPj0H76brqQbcB6ip9Cfd9l5L9IrjTxsY','eyJhbGciOiJIUzI1NiJ9.eyJzdWIiOiI0IiwiaWF0IjoxNzIzNzczNzc0LCJleHAiOjE3MjQzNzg1NzR9.hfUHVXHQWjsRk77EOS4uZBiS0dvwbFJq4UeXzvHlTQY'),('2024-08-16 01:32:35.331484',5,'2024-08-16 09:04:24.819276',5,'eyJhbGciOiJIUzI1NiJ9.eyJzdWIiOiI1IiwiaWF0IjoxNzIzNzY2NjY0LCJleHAiOjE3MjYzNTg2NjR9.oKwq3-qb7B6lL_4vRTGRwcqPXmUhkqqoTM1QuYLvWck','eyJhbGciOiJIUzI1NiJ9.eyJzdWIiOiI1IiwiaWF0IjoxNzIzNzY2NjY0LCJleHAiOjE3MjQzNzE0NjR9.PrRAjw2luItyNnHFXSLI0fZfWthqHmYMbSo90Nd_a98'),('2024-08-16 02:04:40.134898',7,'2024-08-16 09:04:23.069103',7,'eyJhbGciOiJIUzI1NiJ9.eyJzdWIiOiI3IiwiaWF0IjoxNzIzNzY2NjYzLCJleHAiOjE3MjYzNTg2NjN9.NMtcfQ7B5OU7Je85PfkeJ_dhLXEG3mhRIxKB7ETLSho','eyJhbGciOiJIUzI1NiJ9.eyJzdWIiOiI3IiwiaWF0IjoxNzIzNzY2NjYzLCJleHAiOjE3MjQzNzE0NjN9.dprlIvwTyd4_ku8qsL6ihYXiL8oLBK04xZKifl-AsVw'),('2024-08-16 02:42:00.883716',8,'2024-08-16 09:07:00.759001',8,'eyJhbGciOiJIUzI1NiJ9.eyJzdWIiOiI4IiwiaWF0IjoxNzIzNzY2ODIwLCJleHAiOjE3MjYzNTg4MjB9.6gBF4ld_vNgnfeoYxCc5llI9wR5PUf6DqnsNQVIz_QM','eyJhbGciOiJIUzI1NiJ9.eyJzdWIiOiI4IiwiaWF0IjoxNzIzNzY2ODIwLCJleHAiOjE3MjQzNzE2MjB9.IusA3HJfwq2xqjMzXbxuejEoQGiaAfGM02iY4PM6Nf8'),('2024-08-16 03:00:43.001158',9,'2024-08-16 11:03:02.864949',9,'eyJhbGciOiJIUzI1NiJ9.eyJzdWIiOiI5IiwiaWF0IjoxNzIzNzczNzgyLCJleHAiOjE3MjYzNjU3ODJ9.ZNg9Z3rg97HBToYHQIIvNEk4DHrjTA5TlpK07wSX5kE','eyJhbGciOiJIUzI1NiJ9.eyJzdWIiOiI5IiwiaWF0IjoxNzIzNzczNzgyLCJleHAiOjE3MjQzNzg1ODJ9.POrLi1LMfzEhCmq3YnzexbxkjBN4pdkGu0Dr1aPHI6Y'),('2024-08-16 03:11:08.449309',10,'2024-08-16 11:04:27.829559',13,'eyJhbGciOiJIUzI1NiJ9.eyJzdWIiOiIxMyIsImlhdCI6MTcyMzc3Mzg2NywiZXhwIjoxNzI2MzY1ODY3fQ.2xUR6bWz-5GlaZdFdnR6NaGfSjYM2fwFLLgYY-dpYeg','eyJhbGciOiJIUzI1NiJ9.eyJzdWIiOiIxMyIsImlhdCI6MTcyMzc3Mzg2NywiZXhwIjoxNzI0Mzc4NjY3fQ.HR2eBrsGDnItQbl9m3VAhAv3JOjZvO-hjNrkbxBtorc'),('2024-08-16 04:22:19.200143',12,'2024-08-16 05:35:34.122154',15,'eyJhbGciOiJIUzI1NiJ9.eyJzdWIiOiIxNSIsImlhdCI6MTcyMzc1NDEzNCwiZXhwIjoxNzI2MzQ2MTM0fQ.VUpsPV8mUW2iHBIa01b2dNQvLLXXv4X5mvCcO8dgK20','eyJhbGciOiJIUzI1NiJ9.eyJzdWIiOiIxNSIsImlhdCI6MTcyMzc1NDEzNCwiZXhwIjoxNzI0MzU4OTM0fQ.IgN1PioCSS3PdGw3-FqhO0oBWX2V0fw897pae89uYBw'),('2024-08-16 04:32:34.636933',14,'2024-08-16 09:19:55.675882',17,'eyJhbGciOiJIUzI1NiJ9.eyJzdWIiOiIxNyIsImlhdCI6MTcyMzc2NzU5NSwiZXhwIjoxNzI2MzU5NTk1fQ.nH_kKsCfAfo19s9kotn8PGvf3VKkVuFmfa4U_4sd_lg','eyJhbGciOiJIUzI1NiJ9.eyJzdWIiOiIxNyIsImlhdCI6MTcyMzc2NzU5NSwiZXhwIjoxNzI0MzcyMzk1fQ.xsi1docqLdXF-UoslqUaQ-jVySufTlVrJdEj7lgDuqs'),('2024-08-16 05:55:44.553445',16,'2024-08-16 11:33:58.329787',19,'eyJhbGciOiJIUzI1NiJ9.eyJzdWIiOiIxOSIsImlhdCI6MTcyMzc3NTYzOCwiZXhwIjoxNzI2MzY3NjM4fQ.oiTqTZ2Y7UDNoXCJ1vS0TEKK9Sk5hi8MtPJFFbu1gF4','eyJhbGciOiJIUzI1NiJ9.eyJzdWIiOiIxOSIsImlhdCI6MTcyMzc3NTYzOCwiZXhwIjoxNzI0MzgwNDM4fQ.gk3-xaVwtqH8VKpoIN5l73ztoTAyswqpJNQH4VHzaeo');
/*!40000 ALTER TABLE `token` ENABLE KEYS */;
UNLOCK TABLES;

--
-- Table structure for table `user`
--

DROP TABLE IF EXISTS `user`;
/*!40101 SET @saved_cs_client     = @@character_set_client */;
/*!50503 SET character_set_client = utf8mb4 */;
CREATE TABLE `user` (
  `mbti_changed` bit(1) NOT NULL,
  `created_at` datetime(6) DEFAULT NULL,
  `n_point` bigint DEFAULT NULL,
  `nick_name_updated_at` datetime(6) DEFAULT NULL,
  `updated_at` datetime(6) DEFAULT NULL,
  `user_id` bigint NOT NULL AUTO_INCREMENT,
  `email` varchar(255) COLLATE utf8mb4_unicode_ci DEFAULT NULL,
  `mbti` varchar(255) COLLATE utf8mb4_unicode_ci DEFAULT NULL,
  `nick_name` varchar(255) COLLATE utf8mb4_unicode_ci DEFAULT NULL,
  `profile_image` varchar(255) COLLATE utf8mb4_unicode_ci DEFAULT NULL,
  `role` enum('ADMIN','USER') COLLATE utf8mb4_unicode_ci DEFAULT NULL,
  `type` enum('GOOGLE','KAKAO','NAVER') COLLATE utf8mb4_unicode_ci DEFAULT NULL,
  PRIMARY KEY (`user_id`)
) ENGINE=InnoDB AUTO_INCREMENT=20 DEFAULT CHARSET=utf8mb4 COLLATE=utf8mb4_unicode_ci;
/*!40101 SET character_set_client = @saved_cs_client */;

--
-- Dumping data for table `user`
--

LOCK TABLES `user` WRITE;
/*!40000 ALTER TABLE `user` DISABLE KEYS */;
INSERT INTO `user` VALUES (_binary '\0','2024-08-16 01:27:48.133836',520,'2024-08-16 09:14:56.914253','2024-08-16 09:14:57.320117',1,'lssafy11@gmail.com','S','너T야?','https://ndolphin.s3.ap-northeast-2.amazonaws.com/1723767296981_images.jfif','USER','GOOGLE'),(_binary '\0','2024-08-16 01:28:18.933927',770,'2024-08-16 05:20:31.174155','2024-08-16 09:31:42.922764',2,'vkse1934@naver.com','N','애용이','https://ndolphin.s3.ap-northeast-2.amazonaws.com/image/1723767541022_%EC%95%A0%EC%9A%A9.png','USER','NAVER'),(_binary '\0','2024-08-16 01:30:43.715904',455,'2024-08-16 01:30:57.976790','2024-08-16 09:26:59.688846',3,'sido117929@gmail.com','N','버킷날린이승봉','https://ndolphin.s3.ap-northeast-2.amazonaws.com/image/1723739457978_%E1%84%8F%E1%85%A1%E1%84%85%E1%85%B5%E1%84%82%E1%85%A1.jpg','USER','GOOGLE'),(_binary '\0','2024-08-16 01:31:37.998067',1110,'2024-08-16 09:06:44.512640','2024-08-16 09:32:49.400066',4,'eksk9044@gmail.com','S','가르마','https://ndolphin.s3.ap-northeast-2.amazonaws.com/image/1723739508963_hachi.png','USER','GOOGLE'),(_binary '\0','2024-08-16 01:32:35.320317',680,'2024-08-16 09:06:43.265208','2024-08-16 09:06:43.541293',5,'lstork48@gmail.com','N','하츄핑','https://ndolphin.s3.ap-northeast-2.amazonaws.com/1723766803268_%EB%8B%A4%EC%9A%B4%EB%A1%9C%EB%93%9C.jfif','USER','KAKAO'),(_binary '\0','2024-08-16 02:04:40.107787',700,'2024-08-16 02:05:02.587657','2024-08-16 09:06:40.100538',7,'vkse1934@kakao.com','S','김싸피','https://ndolphin.s3.ap-northeast-2.amazonaws.com/image/1723741502590_img.jpg','USER','KAKAO'),(_binary '\0','2024-08-16 02:42:00.852061',400,'2024-08-16 09:11:32.930795','2024-08-16 09:11:33.138136',8,'slj9699@naver.com','S','예진예림해','https://ndolphin.s3.ap-northeast-2.amazonaws.com/image/1723767092933_12.png','USER','NAVER'),(_binary '\0','2024-08-16 03:00:42.989044',300,'2024-08-16 04:22:02.786850','2024-08-16 09:53:21.461770',9,'eksk9044@naver.com','N','하딩','https://ndolphin.s3.ap-northeast-2.amazonaws.com/image/1723749722788_%EC%A0%9C%EB%AA%A9%20%EC%97%86%EC%9D%8C.png','USER','NAVER'),(_binary '\0',NULL,620,'2024-08-16 09:15:32.654998','2024-08-16 09:15:32.731206',10,'test1@ssafy.com','N','붕어빵','https://ndolphin.s3.ap-northeast-2.amazonaws.com/image/1723767332657_11.jpg','USER','GOOGLE'),(_binary '\0',NULL,580,'2024-08-16 09:18:06.966852','2024-08-16 09:18:06.967702',11,'test2@ssafy.com','N','진주가진주해','https://ndolphin.s3.ap-northeast-2.amazonaws.com/image/1723767478151_123.jpg','USER','GOOGLE'),(_binary '\0','2024-08-16 03:11:08.437788',850,'2024-08-16 05:15:29.992325','2024-08-16 05:15:30.144676',13,'yelim5988@gmail.com','N','예림핑이다','https://ndolphin.s3.ap-northeast-2.amazonaws.com/image/1723752930043_profile1.png','USER','GOOGLE'),(_binary '\0','2024-08-16 04:22:19.187117',0,'2024-08-16 04:22:42.147508','2024-08-16 04:22:46.130007',15,'qoridhc@gmail.com','N','엔돌핀돌고래','https://ndolphin.s3.ap-northeast-2.amazonaws.com/image/1723749762148_logo.png','USER','GOOGLE'),(_binary '\0','2024-08-16 04:32:34.626058',10,'2024-08-16 04:35:33.429008','2024-08-16 09:28:54.496024',17,'ndolphin207@gmail.com','S','커피는에이바우트','https://ndolphin.s3.ap-northeast-2.amazonaws.com/image/1723750533430_%EB%8B%A4%EC%9A%B4%EB%A1%9C%EB%93%9C.png','USER','GOOGLE'),(_binary '\0','2024-08-16 05:55:44.542094',0,'2024-08-16 05:55:50.799458','2024-08-16 05:55:52.445214',19,'ckwjdgur1234@gmail.com','S','김애용',NULL,'USER','GOOGLE');
/*!40000 ALTER TABLE `user` ENABLE KEYS */;
UNLOCK TABLES;

--
-- Table structure for table `vote`
--

DROP TABLE IF EXISTS `vote`;
/*!40101 SET @saved_cs_client     = @@character_set_client */;
/*!50503 SET character_set_client = utf8mb4 */;
CREATE TABLE `vote` (
  `created_at` datetime(6) DEFAULT NULL,
  `updated_at` datetime(6) DEFAULT NULL,
  `user_id` bigint DEFAULT NULL,
  `vote_content_id` bigint DEFAULT NULL,
  `vote_id` bigint NOT NULL AUTO_INCREMENT,
  PRIMARY KEY (`vote_id`),
  UNIQUE KEY `UKm487k9k5sc6c140b6rhvd39xu` (`user_id`,`vote_content_id`),
  KEY `FKev4p5fidbcmk49n7u14hgydfy` (`vote_content_id`),
  CONSTRAINT `FKcsaksoe2iepaj8birrmithwve` FOREIGN KEY (`user_id`) REFERENCES `user` (`user_id`),
  CONSTRAINT `FKev4p5fidbcmk49n7u14hgydfy` FOREIGN KEY (`vote_content_id`) REFERENCES `vote_content` (`vote_content_id`)
) ENGINE=InnoDB AUTO_INCREMENT=59 DEFAULT CHARSET=utf8mb4 COLLATE=utf8mb4_unicode_ci;
/*!40101 SET character_set_client = @saved_cs_client */;

--
-- Dumping data for table `vote`
--

LOCK TABLES `vote` WRITE;
/*!40000 ALTER TABLE `vote` DISABLE KEYS */;
INSERT INTO `vote` VALUES ('2024-08-16 01:44:20.453052','2024-08-16 01:44:20.453052',3,3,1),('2024-08-16 01:58:51.097824','2024-08-16 02:03:10.843968',1,5,6),('2024-08-16 02:11:36.196054','2024-08-16 02:11:36.196054',4,3,7),('2024-08-16 02:22:00.907895','2024-08-16 02:22:00.907895',3,6,8),('2024-08-16 02:34:05.954881','2024-08-16 03:58:54.397742',4,10,21),('2024-08-16 02:44:00.871198','2024-08-16 02:44:00.871198',8,4,23),('2024-08-16 03:11:27.435572','2024-08-16 03:11:27.435572',13,9,26),('2024-08-16 03:11:32.646686','2024-08-16 03:11:32.646686',13,8,27),('2024-08-16 03:58:44.013002','2024-08-16 03:58:44.013002',4,24,33),('2024-08-16 04:22:20.012984','2024-08-16 04:22:20.012984',9,24,41),('2024-08-16 04:22:23.962629','2024-08-16 04:22:23.962629',9,26,42),('2024-08-16 04:22:29.253558','2024-08-16 04:22:29.253558',9,10,43),('2024-08-16 04:22:35.500821','2024-08-16 04:22:35.500821',9,6,44),('2024-08-16 04:22:39.560840','2024-08-16 04:22:39.560840',9,3,45),('2024-08-16 05:14:06.777840','2024-08-16 05:14:08.606390',13,26,46),('2024-08-16 05:14:20.155387','2024-08-16 05:14:20.155387',13,24,47),('2024-08-16 05:20:35.716004','2024-08-16 05:20:35.716004',13,5,48),('2024-08-16 05:26:18.305513','2024-08-16 05:26:18.305513',2,23,50),('2024-08-16 05:26:25.317267','2024-08-16 05:26:25.317267',2,29,51),('2024-08-16 05:30:01.532292','2024-08-16 05:30:01.532292',4,27,53),('2024-08-16 09:17:17.912869','2024-08-16 09:17:17.912869',4,36,55),('2024-08-16 09:28:54.492623','2024-08-16 09:28:54.492623',17,10,56),('2024-08-16 09:31:42.919133','2024-08-16 09:31:42.919133',2,10,58);
/*!40000 ALTER TABLE `vote` ENABLE KEYS */;
UNLOCK TABLES;

--
-- Table structure for table `vote_content`
--

DROP TABLE IF EXISTS `vote_content`;
/*!40101 SET @saved_cs_client     = @@character_set_client */;
/*!50503 SET character_set_client = utf8mb4 */;
CREATE TABLE `vote_content` (
  `board_id` bigint DEFAULT NULL,
  `created_at` datetime(6) DEFAULT NULL,
  `updated_at` datetime(6) DEFAULT NULL,
  `vote_content_id` bigint NOT NULL AUTO_INCREMENT,
  `content` varchar(255) COLLATE utf8mb4_unicode_ci DEFAULT NULL,
  PRIMARY KEY (`vote_content_id`),
  KEY `FKeqgy50acfqf4tby0moydhuguk` (`board_id`),
  CONSTRAINT `FKeqgy50acfqf4tby0moydhuguk` FOREIGN KEY (`board_id`) REFERENCES `board` (`board_id`)
) ENGINE=InnoDB AUTO_INCREMENT=40 DEFAULT CHARSET=utf8mb4 COLLATE=utf8mb4_unicode_ci;
/*!40101 SET character_set_client = @saved_cs_client */;

--
-- Dumping data for table `vote_content`
--

LOCK TABLES `vote_content` WRITE;
/*!40000 ALTER TABLE `vote_content` DISABLE KEYS */;
INSERT INTO `vote_content` VALUES (7,'2024-08-16 01:37:33.304400','2024-08-16 01:37:33.304400',3,'평생여름'),(7,'2024-08-16 01:37:33.319302','2024-08-16 01:37:33.319302',4,'평생겨울'),(10,'2024-08-16 01:55:06.157780','2024-08-16 01:55:06.157780',5,'미래로 가기'),(10,'2024-08-16 01:55:06.162586','2024-08-16 01:55:06.162586',6,'과거로 가기'),(14,'2024-08-16 02:33:49.586497','2024-08-16 02:33:49.586497',7,'DB 해킹 당해서 해커에게 0.014BTC 요구 당하기'),(14,'2024-08-16 02:33:49.591362','2024-08-16 02:33:49.591362',8,'갑자기 서버 에러 발생하기'),(14,'2024-08-16 02:33:49.593590','2024-08-16 02:33:49.593590',9,'갑자기 웹 브라우저 out of memory 에러 나기'),(14,'2024-08-16 02:33:49.596151','2024-08-16 02:33:49.596151',10,'갑자기 발표하기로 한 사람이 잠수 타기'),(48,'2024-08-16 03:57:46.554758','2024-08-16 03:57:46.554758',23,'나만 잘 됨'),(48,'2024-08-16 03:57:46.568634','2024-08-16 03:57:46.568634',24,'나만 안 됨'),(54,'2024-08-16 04:13:09.474696','2024-08-16 04:13:09.474696',25,'비행기'),(54,'2024-08-16 04:13:09.475778','2024-08-16 04:13:09.475778',26,'대중교통'),(58,'2024-08-16 04:25:50.708247','2024-08-16 04:25:50.708247',27,'2시간 이내로 잠깐 본다'),(58,'2024-08-16 04:25:50.709364','2024-08-16 04:25:50.709364',28,'피곤해죽겠는데 보긴 뭘 봐.. 집에 간다'),(58,'2024-08-16 04:25:50.710255','2024-08-16 04:25:50.710255',29,'연인이 보고 싶어한다면 늦게까지 같이 놀아줄 수 있다'),(92,'2024-08-16 09:17:14.771690','2024-08-16 09:17:14.771690',36,'김밥'),(92,'2024-08-16 09:17:14.777138','2024-08-16 09:17:14.777138',37,'만두'),(92,'2024-08-16 09:17:14.778989','2024-08-16 09:17:14.778989',38,'찜닭'),(92,'2024-08-16 09:17:14.780828','2024-08-16 09:17:14.780828',39,'스테이크');
/*!40000 ALTER TABLE `vote_content` ENABLE KEYS */;
UNLOCK TABLES;
/*!40103 SET TIME_ZONE=@OLD_TIME_ZONE */;

/*!40101 SET SQL_MODE=@OLD_SQL_MODE */;
/*!40014 SET FOREIGN_KEY_CHECKS=@OLD_FOREIGN_KEY_CHECKS */;
/*!40014 SET UNIQUE_CHECKS=@OLD_UNIQUE_CHECKS */;
/*!40101 SET CHARACTER_SET_CLIENT=@OLD_CHARACTER_SET_CLIENT */;
/*!40101 SET CHARACTER_SET_RESULTS=@OLD_CHARACTER_SET_RESULTS */;
/*!40101 SET COLLATION_CONNECTION=@OLD_COLLATION_CONNECTION */;
/*!40111 SET SQL_NOTES=@OLD_SQL_NOTES */;

-- Dump completed on 2024-08-16 11:45:38
